base:A12GE1_S13_L001	ID:H2KCTBGX2.1.AGTCAA	LB:A12GE1	SM:A12GE1	DT:2017-04-14	CN:DNASU	PM:NextSeq	DS:"T. thermophila Whole Genome DNA"
base:A12GE1_S13_L002	ID:H2KCTBGX2.2.AGTCAA	LB:A12GE1	SM:A12GE1	DT:2017-04-14	CN:DNASU	PM:NextSeq	DS:"T. thermophila Whole Genome DNA"
base:A12GE1_S13_L003	ID:H2KCTBGX2.3.AGTCAA	LB:A12GE1	SM:A12GE1	DT:2017-04-14	CN:DNASU	PM:NextSeq	DS:"T. thermophila Whole Genome DNA"
base:A12GE1_S13_L004	ID:H2KCTBGX2.4.AGTCAA	LB:A12GE1	SM:A12GE1	DT:2017-04-14	CN:DNASU	PM:NextSeq	DS:"T. thermophila Whole Genome DNA"
base:A12GE2_S14_L001	ID:H2KCTBGX2.1.AGTTCC	LB:A12GE2	SM:A12GE2	DT:2017-04-14	CN:DNASU	PM:NextSeq	DS:"T. thermophila Whole Genome DNA"
base:A12GE2_S14_L002	ID:H2KCTBGX2.2.AGTTCC	LB:A12GE2	SM:A12GE2	DT:2017-04-14	CN:DNASU	PM:NextSeq	DS:"T. thermophila Whole Genome DNA"
base:A12GE2_S14_L003	ID:H2KCTBGX2.3.AGTTCC	LB:A12GE2	SM:A12GE2	DT:2017-04-14	CN:DNASU	PM:NextSeq	DS:"T. thermophila Whole Genome DNA"
base:A12GE2_S14_L004	ID:H2KCTBGX2.4.AGTTCC	LB:A12GE2	SM:A12GE2	DT:2017-04-14	CN:DNASU	PM:NextSeq	DS:"T. thermophila Whole Genome DNA"
base:A12MA_S3_L001	ID:H2KCTBGX2.1.ACAGTG	LB:A12MA	SM:A12MA	DT:2017-04-14	CN:DNASU	PM:NextSeq	DS:"T. thermophila Whole Genome DNA"
base:A12MA_S3_L002	ID:H2KCTBGX2.2.ACAGTG	LB:A12MA	SM:A12MA	DT:2017-04-14	CN:DNASU	PM:NextSeq	DS:"T. thermophila Whole Genome DNA"
base:A12MA_S3_L003	ID:H2KCTBGX2.3.ACAGTG	LB:A12MA	SM:A12MA	DT:2017-04-14	CN:DNASU	PM:NextSeq	DS:"T. thermophila Whole Genome DNA"
base:A12MA_S3_L004	ID:H2KCTBGX2.4.ACAGTG	LB:A12MA	SM:A12MA	DT:2017-04-14	CN:DNASU	PM:NextSeq	DS:"T. thermophila Whole Genome DNA"
base:Anc-1-A_S21_L001	ID:HNCFLBGXX.1.CGATGT	LB:AncGE1A	SM:AncGE1A	DT:2016-01-19	CN:DNASU	PM:NextSeq	DS:"T. thermophila Whole Genome DNA"
base:Anc-1-A_S21_L002	ID:HNCFLBGXX.2.CGATGT	LB:AncGE1A	SM:AncGE1A	DT:2016-01-19	CN:DNASU	PM:NextSeq	DS:"T. thermophila Whole Genome DNA"
base:Anc-1-A_S21_L003	ID:HNCFLBGXX.3.CGATGT	LB:AncGE1A	SM:AncGE1A	DT:2016-01-19	CN:DNASU	PM:NextSeq	DS:"T. thermophila Whole Genome DNA"
base:Anc-1-A_S21_L004	ID:HNCFLBGXX.4.CGATGT	LB:AncGE1A	SM:AncGE1A	DT:2016-01-19	CN:DNASU	PM:NextSeq	DS:"T. thermophila Whole Genome DNA"
base:Anc-1-B_S1_L001	ID:000000000-AL996.1.1	LB:AncGE1B	SM:AncGE1B	DT:2016-02-10	CN:DNASU	PM:MiSeq	DS:"T. thermophila Whole Genome DNA"
base:Anc-10-A_S1_L001	ID:HNCFLBGXX.1.GTGAAA	LB:AncGE10A	SM:AncGE10A	DT:2016-01-19	CN:DNASU	PM:NextSeq	DS:"T. thermophila Whole Genome DNA"
base:Anc-10-A_S1_L002	ID:HNCFLBGXX.2.GTGAAA	LB:AncGE10A	SM:AncGE10A	DT:2016-01-19	CN:DNASU	PM:NextSeq	DS:"T. thermophila Whole Genome DNA"
base:Anc-10-A_S1_L003	ID:HNCFLBGXX.3.GTGAAA	LB:AncGE10A	SM:AncGE10A	DT:2016-01-19	CN:DNASU	PM:NextSeq	DS:"T. thermophila Whole Genome DNA"
base:Anc-10-A_S1_L004	ID:HNCFLBGXX.4.GTGAAA	LB:AncGE10A	SM:AncGE10A	DT:2016-01-19	CN:DNASU	PM:NextSeq	DS:"T. thermophila Whole Genome DNA"
base:Anc-10-B_S2_L001	ID:HNCFLBGXX.1.GTGGCC	LB:AncGE10B	SM:AncGE10B	DT:2016-01-19	CN:DNASU	PM:NextSeq	DS:"T. thermophila Whole Genome DNA"
base:Anc-10-B_S2_L002	ID:HNCFLBGXX.2.GTGGCC	LB:AncGE10B	SM:AncGE10B	DT:2016-01-19	CN:DNASU	PM:NextSeq	DS:"T. thermophila Whole Genome DNA"
base:Anc-10-B_S2_L003	ID:HNCFLBGXX.3.GTGGCC	LB:AncGE10B	SM:AncGE10B	DT:2016-01-19	CN:DNASU	PM:NextSeq	DS:"T. thermophila Whole Genome DNA"
base:Anc-10-B_S2_L004	ID:HNCFLBGXX.4.GTGGCC	LB:AncGE10B	SM:AncGE10B	DT:2016-01-19	CN:DNASU	PM:NextSeq	DS:"T. thermophila Whole Genome DNA"
base:Anc-11-A_S3_L001	ID:HNCFLBGXX.1.GTTTCG	LB:AncGE11A	SM:AncGE11A	DT:2016-01-19	CN:DNASU	PM:NextSeq	DS:"T. thermophila Whole Genome DNA"
base:Anc-11-A_S3_L002	ID:HNCFLBGXX.2.GTTTCG	LB:AncGE11A	SM:AncGE11A	DT:2016-01-19	CN:DNASU	PM:NextSeq	DS:"T. thermophila Whole Genome DNA"
base:Anc-11-A_S3_L003	ID:HNCFLBGXX.3.GTTTCG	LB:AncGE11A	SM:AncGE11A	DT:2016-01-19	CN:DNASU	PM:NextSeq	DS:"T. thermophila Whole Genome DNA"
base:Anc-11-A_S3_L004	ID:HNCFLBGXX.4.GTTTCG	LB:AncGE11A	SM:AncGE11A	DT:2016-01-19	CN:DNASU	PM:NextSeq	DS:"T. thermophila Whole Genome DNA"
base:Anc-11-B_S4_L001	ID:HNCFLBGXX.1.CGTACG	LB:AncGE11B	SM:AncGE11B	DT:2016-01-19	CN:DNASU	PM:NextSeq	DS:"T. thermophila Whole Genome DNA"
base:Anc-11-B_S4_L002	ID:HNCFLBGXX.2.CGTACG	LB:AncGE11B	SM:AncGE11B	DT:2016-01-19	CN:DNASU	PM:NextSeq	DS:"T. thermophila Whole Genome DNA"
base:Anc-11-B_S4_L003	ID:HNCFLBGXX.3.CGTACG	LB:AncGE11B	SM:AncGE11B	DT:2016-01-19	CN:DNASU	PM:NextSeq	DS:"T. thermophila Whole Genome DNA"
base:Anc-11-B_S4_L004	ID:HNCFLBGXX.4.CGTACG	LB:AncGE11B	SM:AncGE11B	DT:2016-01-19	CN:DNASU	PM:NextSeq	DS:"T. thermophila Whole Genome DNA"
base:Anc-12-A_S5_L001	ID:HNCFLBGXX.1.GAGTGG	LB:AncGE12A	SM:AncGE12A	DT:2016-01-19	CN:DNASU	PM:NextSeq	DS:"T. thermophila Whole Genome DNA"
base:Anc-12-A_S5_L002	ID:HNCFLBGXX.2.GAGTGG	LB:AncGE12A	SM:AncGE12A	DT:2016-01-19	CN:DNASU	PM:NextSeq	DS:"T. thermophila Whole Genome DNA"
base:Anc-12-A_S5_L003	ID:HNCFLBGXX.3.GAGTGG	LB:AncGE12A	SM:AncGE12A	DT:2016-01-19	CN:DNASU	PM:NextSeq	DS:"T. thermophila Whole Genome DNA"
base:Anc-12-A_S5_L004	ID:HNCFLBGXX.4.GAGTGG	LB:AncGE12A	SM:AncGE12A	DT:2016-01-19	CN:DNASU	PM:NextSeq	DS:"T. thermophila Whole Genome DNA"
base:Anc-12-B_S6_L001	ID:HNCFLBGXX.1.GGTAGC	LB:AncGE12B	SM:AncGE12B	DT:2016-01-19	CN:DNASU	PM:NextSeq	DS:"T. thermophila Whole Genome DNA"
base:Anc-12-B_S6_L002	ID:HNCFLBGXX.2.GGTAGC	LB:AncGE12B	SM:AncGE12B	DT:2016-01-19	CN:DNASU	PM:NextSeq	DS:"T. thermophila Whole Genome DNA"
base:Anc-12-B_S6_L003	ID:HNCFLBGXX.3.GGTAGC	LB:AncGE12B	SM:AncGE12B	DT:2016-01-19	CN:DNASU	PM:NextSeq	DS:"T. thermophila Whole Genome DNA"
base:Anc-12-B_S6_L004	ID:HNCFLBGXX.4.GGTAGC	LB:AncGE12B	SM:AncGE12B	DT:2016-01-19	CN:DNASU	PM:NextSeq	DS:"T. thermophila Whole Genome DNA"
base:Anc-13-A_S7_L001	ID:HNCFLBGXX.1.ACTGAT	LB:AncGE13A	SM:AncGE13A	DT:2016-01-19	CN:DNASU	PM:NextSeq	DS:"T. thermophila Whole Genome DNA"
base:Anc-13-A_S7_L002	ID:HNCFLBGXX.2.ACTGAT	LB:AncGE13A	SM:AncGE13A	DT:2016-01-19	CN:DNASU	PM:NextSeq	DS:"T. thermophila Whole Genome DNA"
base:Anc-13-A_S7_L003	ID:HNCFLBGXX.3.ACTGAT	LB:AncGE13A	SM:AncGE13A	DT:2016-01-19	CN:DNASU	PM:NextSeq	DS:"T. thermophila Whole Genome DNA"
base:Anc-13-A_S7_L004	ID:HNCFLBGXX.4.ACTGAT	LB:AncGE13A	SM:AncGE13A	DT:2016-01-19	CN:DNASU	PM:NextSeq	DS:"T. thermophila Whole Genome DNA"
base:Anc-13-B_S8_L001	ID:HNCFLBGXX.1.ATGAGC	LB:AncGE13B	SM:AncGE13B	DT:2016-01-19	CN:DNASU	PM:NextSeq	DS:"T. thermophila Whole Genome DNA"
base:Anc-13-B_S8_L002	ID:HNCFLBGXX.2.ATGAGC	LB:AncGE13B	SM:AncGE13B	DT:2016-01-19	CN:DNASU	PM:NextSeq	DS:"T. thermophila Whole Genome DNA"
base:Anc-13-B_S8_L003	ID:HNCFLBGXX.3.ATGAGC	LB:AncGE13B	SM:AncGE13B	DT:2016-01-19	CN:DNASU	PM:NextSeq	DS:"T. thermophila Whole Genome DNA"
base:Anc-13-B_S8_L004	ID:HNCFLBGXX.4.ATGAGC	LB:AncGE13B	SM:AncGE13B	DT:2016-01-19	CN:DNASU	PM:NextSeq	DS:"T. thermophila Whole Genome DNA"
base:Anc-14-A_S9_L001	ID:HNCFLBGXX.1.ATTCCT	LB:AncGE14A	SM:AncGE14A	DT:2016-01-19	CN:DNASU	PM:NextSeq	DS:"T. thermophila Whole Genome DNA"
base:Anc-14-A_S9_L002	ID:HNCFLBGXX.2.ATTCCT	LB:AncGE14A	SM:AncGE14A	DT:2016-01-19	CN:DNASU	PM:NextSeq	DS:"T. thermophila Whole Genome DNA"
base:Anc-14-A_S9_L003	ID:HNCFLBGXX.3.ATTCCT	LB:AncGE14A	SM:AncGE14A	DT:2016-01-19	CN:DNASU	PM:NextSeq	DS:"T. thermophila Whole Genome DNA"
base:Anc-14-A_S9_L004	ID:HNCFLBGXX.4.ATTCCT	LB:AncGE14A	SM:AncGE14A	DT:2016-01-19	CN:DNASU	PM:NextSeq	DS:"T. thermophila Whole Genome DNA"
base:Anc-14-B_S10_L001	ID:HNCFLBGXX.1.CAAAAG	LB:AncGE14B	SM:AncGE14B	DT:2016-01-19	CN:DNASU	PM:NextSeq	DS:"T. thermophila Whole Genome DNA"
base:Anc-14-B_S10_L002	ID:HNCFLBGXX.2.CAAAAG	LB:AncGE14B	SM:AncGE14B	DT:2016-01-19	CN:DNASU	PM:NextSeq	DS:"T. thermophila Whole Genome DNA"
base:Anc-14-B_S10_L003	ID:HNCFLBGXX.3.CAAAAG	LB:AncGE14B	SM:AncGE14B	DT:2016-01-19	CN:DNASU	PM:NextSeq	DS:"T. thermophila Whole Genome DNA"
base:Anc-14-B_S10_L004	ID:HNCFLBGXX.4.CAAAAG	LB:AncGE14B	SM:AncGE14B	DT:2016-01-19	CN:DNASU	PM:NextSeq	DS:"T. thermophila Whole Genome DNA"
base:Anc-15-A_S11_L001	ID:HNCFLBGXX.1.CAACTA	LB:AncGE15A	SM:AncGE15A	DT:2016-01-19	CN:DNASU	PM:NextSeq	DS:"T. thermophila Whole Genome DNA"
base:Anc-15-A_S11_L002	ID:HNCFLBGXX.2.CAACTA	LB:AncGE15A	SM:AncGE15A	DT:2016-01-19	CN:DNASU	PM:NextSeq	DS:"T. thermophila Whole Genome DNA"
base:Anc-15-A_S11_L003	ID:HNCFLBGXX.3.CAACTA	LB:AncGE15A	SM:AncGE15A	DT:2016-01-19	CN:DNASU	PM:NextSeq	DS:"T. thermophila Whole Genome DNA"
base:Anc-15-A_S11_L004	ID:HNCFLBGXX.4.CAACTA	LB:AncGE15A	SM:AncGE15A	DT:2016-01-19	CN:DNASU	PM:NextSeq	DS:"T. thermophila Whole Genome DNA"
base:Anc-15-B_S12_L001	ID:HNCFLBGXX.1.CACCGG	LB:AncGE15B	SM:AncGE15B	DT:2016-01-19	CN:DNASU	PM:NextSeq	DS:"T. thermophila Whole Genome DNA"
base:Anc-15-B_S12_L002	ID:HNCFLBGXX.2.CACCGG	LB:AncGE15B	SM:AncGE15B	DT:2016-01-19	CN:DNASU	PM:NextSeq	DS:"T. thermophila Whole Genome DNA"
base:Anc-15-B_S12_L003	ID:HNCFLBGXX.3.CACCGG	LB:AncGE15B	SM:AncGE15B	DT:2016-01-19	CN:DNASU	PM:NextSeq	DS:"T. thermophila Whole Genome DNA"
base:Anc-15-B_S12_L004	ID:HNCFLBGXX.4.CACCGG	LB:AncGE15B	SM:AncGE15B	DT:2016-01-19	CN:DNASU	PM:NextSeq	DS:"T. thermophila Whole Genome DNA"
base:Anc-16-A_S13_L001	ID:HNCFLBGXX.1.CACGAT	LB:AncGE16A	SM:AncGE16A	DT:2016-01-19	CN:DNASU	PM:NextSeq	DS:"T. thermophila Whole Genome DNA"
base:Anc-16-A_S13_L002	ID:HNCFLBGXX.2.CACGAT	LB:AncGE16A	SM:AncGE16A	DT:2016-01-19	CN:DNASU	PM:NextSeq	DS:"T. thermophila Whole Genome DNA"
base:Anc-16-A_S13_L003	ID:HNCFLBGXX.3.CACGAT	LB:AncGE16A	SM:AncGE16A	DT:2016-01-19	CN:DNASU	PM:NextSeq	DS:"T. thermophila Whole Genome DNA"
base:Anc-16-A_S13_L004	ID:HNCFLBGXX.4.CACGAT	LB:AncGE16A	SM:AncGE16A	DT:2016-01-19	CN:DNASU	PM:NextSeq	DS:"T. thermophila Whole Genome DNA"
base:Anc-16-B_S14_L001	ID:HNCFLBGXX.1.CACTCA	LB:AncGE16B	SM:AncGE16B	DT:2016-01-19	CN:DNASU	PM:NextSeq	DS:"T. thermophila Whole Genome DNA"
base:Anc-16-B_S14_L002	ID:HNCFLBGXX.2.CACTCA	LB:AncGE16B	SM:AncGE16B	DT:2016-01-19	CN:DNASU	PM:NextSeq	DS:"T. thermophila Whole Genome DNA"
base:Anc-16-B_S14_L003	ID:HNCFLBGXX.3.CACTCA	LB:AncGE16B	SM:AncGE16B	DT:2016-01-19	CN:DNASU	PM:NextSeq	DS:"T. thermophila Whole Genome DNA"
base:Anc-16-B_S14_L004	ID:HNCFLBGXX.4.CACTCA	LB:AncGE16B	SM:AncGE16B	DT:2016-01-19	CN:DNASU	PM:NextSeq	DS:"T. thermophila Whole Genome DNA"
base:Anc-17-A_S15_L001	ID:HNCFLBGXX.1.CAGGCG	LB:AncGE17A	SM:AncGE17A	DT:2016-01-19	CN:DNASU	PM:NextSeq	DS:"T. thermophila Whole Genome DNA"
base:Anc-17-A_S15_L002	ID:HNCFLBGXX.2.CAGGCG	LB:AncGE17A	SM:AncGE17A	DT:2016-01-19	CN:DNASU	PM:NextSeq	DS:"T. thermophila Whole Genome DNA"
base:Anc-17-A_S15_L003	ID:HNCFLBGXX.3.CAGGCG	LB:AncGE17A	SM:AncGE17A	DT:2016-01-19	CN:DNASU	PM:NextSeq	DS:"T. thermophila Whole Genome DNA"
base:Anc-17-A_S15_L004	ID:HNCFLBGXX.4.CAGGCG	LB:AncGE17A	SM:AncGE17A	DT:2016-01-19	CN:DNASU	PM:NextSeq	DS:"T. thermophila Whole Genome DNA"
base:Anc-17-B_S16_L001	ID:HNCFLBGXX.1.CATGGC	LB:AncGE17B	SM:AncGE17B	DT:2016-01-19	CN:DNASU	PM:NextSeq	DS:"T. thermophila Whole Genome DNA"
base:Anc-17-B_S16_L002	ID:HNCFLBGXX.2.CATGGC	LB:AncGE17B	SM:AncGE17B	DT:2016-01-19	CN:DNASU	PM:NextSeq	DS:"T. thermophila Whole Genome DNA"
base:Anc-17-B_S16_L003	ID:HNCFLBGXX.3.CATGGC	LB:AncGE17B	SM:AncGE17B	DT:2016-01-19	CN:DNASU	PM:NextSeq	DS:"T. thermophila Whole Genome DNA"
base:Anc-17-B_S16_L004	ID:HNCFLBGXX.4.CATGGC	LB:AncGE17B	SM:AncGE17B	DT:2016-01-19	CN:DNASU	PM:NextSeq	DS:"T. thermophila Whole Genome DNA"
base:Anc-18-A_S17_L001	ID:HNCFLBGXX.1.CATTTT	LB:AncGE18A	SM:AncGE18A	DT:2016-01-19	CN:DNASU	PM:NextSeq	DS:"T. thermophila Whole Genome DNA"
base:Anc-18-A_S17_L002	ID:HNCFLBGXX.2.CATTTT	LB:AncGE18A	SM:AncGE18A	DT:2016-01-19	CN:DNASU	PM:NextSeq	DS:"T. thermophila Whole Genome DNA"
base:Anc-18-A_S17_L003	ID:HNCFLBGXX.3.CATTTT	LB:AncGE18A	SM:AncGE18A	DT:2016-01-19	CN:DNASU	PM:NextSeq	DS:"T. thermophila Whole Genome DNA"
base:Anc-18-A_S17_L004	ID:HNCFLBGXX.4.CATTTT	LB:AncGE18A	SM:AncGE18A	DT:2016-01-19	CN:DNASU	PM:NextSeq	DS:"T. thermophila Whole Genome DNA"
base:Anc-18-B_S18_L001	ID:HNCFLBGXX.1.CCAACA	LB:AncGE18B	SM:AncGE18B	DT:2016-01-19	CN:DNASU	PM:NextSeq	DS:"T. thermophila Whole Genome DNA"
base:Anc-18-B_S18_L002	ID:HNCFLBGXX.2.CCAACA	LB:AncGE18B	SM:AncGE18B	DT:2016-01-19	CN:DNASU	PM:NextSeq	DS:"T. thermophila Whole Genome DNA"
base:Anc-18-B_S18_L003	ID:HNCFLBGXX.3.CCAACA	LB:AncGE18B	SM:AncGE18B	DT:2016-01-19	CN:DNASU	PM:NextSeq	DS:"T. thermophila Whole Genome DNA"
base:Anc-18-B_S18_L004	ID:HNCFLBGXX.4.CCAACA	LB:AncGE18B	SM:AncGE18B	DT:2016-01-19	CN:DNASU	PM:NextSeq	DS:"T. thermophila Whole Genome DNA"
base:Anc-19-A_S19_L001	ID:HNCFLBGXX.1.CGGAAT	LB:AncGE19A	SM:AncGE19A	DT:2016-01-19	CN:DNASU	PM:NextSeq	DS:"T. thermophila Whole Genome DNA"
base:Anc-19-A_S19_L002	ID:HNCFLBGXX.2.CGGAAT	LB:AncGE19A	SM:AncGE19A	DT:2016-01-19	CN:DNASU	PM:NextSeq	DS:"T. thermophila Whole Genome DNA"
base:Anc-19-A_S19_L003	ID:HNCFLBGXX.3.CGGAAT	LB:AncGE19A	SM:AncGE19A	DT:2016-01-19	CN:DNASU	PM:NextSeq	DS:"T. thermophila Whole Genome DNA"
base:Anc-19-A_S19_L004	ID:HNCFLBGXX.4.CGGAAT	LB:AncGE19A	SM:AncGE19A	DT:2016-01-19	CN:DNASU	PM:NextSeq	DS:"T. thermophila Whole Genome DNA"
base:Anc-19-B_S20_L001	ID:HNCFLBGXX.1.CTAGCT	LB:AncGE19B	SM:AncGE19B	DT:2016-01-19	CN:DNASU	PM:NextSeq	DS:"T. thermophila Whole Genome DNA"
base:Anc-19-B_S20_L002	ID:HNCFLBGXX.2.CTAGCT	LB:AncGE19B	SM:AncGE19B	DT:2016-01-19	CN:DNASU	PM:NextSeq	DS:"T. thermophila Whole Genome DNA"
base:Anc-19-B_S20_L003	ID:HNCFLBGXX.3.CTAGCT	LB:AncGE19B	SM:AncGE19B	DT:2016-01-19	CN:DNASU	PM:NextSeq	DS:"T. thermophila Whole Genome DNA"
base:Anc-19-B_S20_L004	ID:HNCFLBGXX.4.CTAGCT	LB:AncGE19B	SM:AncGE19B	DT:2016-01-19	CN:DNASU	PM:NextSeq	DS:"T. thermophila Whole Genome DNA"
base:Anc-2-A_S25_L001	ID:HNCFLBGXX.1.ACAGTG	LB:AncGE2A	SM:AncGE2A	DT:2016-01-19	CN:DNASU	PM:NextSeq	DS:"T. thermophila Whole Genome DNA"
base:Anc-2-A_S25_L002	ID:HNCFLBGXX.2.ACAGTG	LB:AncGE2A	SM:AncGE2A	DT:2016-01-19	CN:DNASU	PM:NextSeq	DS:"T. thermophila Whole Genome DNA"
base:Anc-2-A_S25_L003	ID:HNCFLBGXX.3.ACAGTG	LB:AncGE2A	SM:AncGE2A	DT:2016-01-19	CN:DNASU	PM:NextSeq	DS:"T. thermophila Whole Genome DNA"
base:Anc-2-A_S25_L004	ID:HNCFLBGXX.4.ACAGTG	LB:AncGE2A	SM:AncGE2A	DT:2016-01-19	CN:DNASU	PM:NextSeq	DS:"T. thermophila Whole Genome DNA"
base:Anc-2-B_S26_L001	ID:HNCFLBGXX.1.GCCAAT	LB:AncGE2B	SM:AncGE2B	DT:2016-01-19	CN:DNASU	PM:NextSeq	DS:"T. thermophila Whole Genome DNA"
base:Anc-2-B_S26_L002	ID:HNCFLBGXX.2.GCCAAT	LB:AncGE2B	SM:AncGE2B	DT:2016-01-19	CN:DNASU	PM:NextSeq	DS:"T. thermophila Whole Genome DNA"
base:Anc-2-B_S26_L003	ID:HNCFLBGXX.3.GCCAAT	LB:AncGE2B	SM:AncGE2B	DT:2016-01-19	CN:DNASU	PM:NextSeq	DS:"T. thermophila Whole Genome DNA"
base:Anc-2-B_S26_L004	ID:HNCFLBGXX.4.GCCAAT	LB:AncGE2B	SM:AncGE2B	DT:2016-01-19	CN:DNASU	PM:NextSeq	DS:"T. thermophila Whole Genome DNA"
base:Anc-20-A_S23_L001	ID:HNCFLBGXX.1.CTATAC	LB:AncGE20A	SM:AncGE20A	DT:2016-01-19	CN:DNASU	PM:NextSeq	DS:"T. thermophila Whole Genome DNA"
base:Anc-20-A_S23_L002	ID:HNCFLBGXX.2.CTATAC	LB:AncGE20A	SM:AncGE20A	DT:2016-01-19	CN:DNASU	PM:NextSeq	DS:"T. thermophila Whole Genome DNA"
base:Anc-20-A_S23_L003	ID:HNCFLBGXX.3.CTATAC	LB:AncGE20A	SM:AncGE20A	DT:2016-01-19	CN:DNASU	PM:NextSeq	DS:"T. thermophila Whole Genome DNA"
base:Anc-20-A_S23_L004	ID:HNCFLBGXX.4.CTATAC	LB:AncGE20A	SM:AncGE20A	DT:2016-01-19	CN:DNASU	PM:NextSeq	DS:"T. thermophila Whole Genome DNA"
base:Anc-20-B_S24_L001	ID:HNCFLBGXX.1.CTCAGA	LB:AncGE20B	SM:AncGE20B	DT:2016-01-19	CN:DNASU	PM:NextSeq	DS:"T. thermophila Whole Genome DNA"
base:Anc-20-B_S24_L002	ID:HNCFLBGXX.2.CTCAGA	LB:AncGE20B	SM:AncGE20B	DT:2016-01-19	CN:DNASU	PM:NextSeq	DS:"T. thermophila Whole Genome DNA"
base:Anc-20-B_S24_L003	ID:HNCFLBGXX.3.CTCAGA	LB:AncGE20B	SM:AncGE20B	DT:2016-01-19	CN:DNASU	PM:NextSeq	DS:"T. thermophila Whole Genome DNA"
base:Anc-20-B_S24_L004	ID:HNCFLBGXX.4.CTCAGA	LB:AncGE20B	SM:AncGE20B	DT:2016-01-19	CN:DNASU	PM:NextSeq	DS:"T. thermophila Whole Genome DNA"
base:Anc-3-A_S27_L001	ID:HNCFLBGXX.1.CAGATC	LB:AncGE3A	SM:AncGE3A	DT:2016-01-19	CN:DNASU	PM:NextSeq	DS:"T. thermophila Whole Genome DNA"
base:Anc-3-A_S27_L002	ID:HNCFLBGXX.2.CAGATC	LB:AncGE3A	SM:AncGE3A	DT:2016-01-19	CN:DNASU	PM:NextSeq	DS:"T. thermophila Whole Genome DNA"
base:Anc-3-A_S27_L003	ID:HNCFLBGXX.3.CAGATC	LB:AncGE3A	SM:AncGE3A	DT:2016-01-19	CN:DNASU	PM:NextSeq	DS:"T. thermophila Whole Genome DNA"
base:Anc-3-A_S27_L004	ID:HNCFLBGXX.4.CAGATC	LB:AncGE3A	SM:AncGE3A	DT:2016-01-19	CN:DNASU	PM:NextSeq	DS:"T. thermophila Whole Genome DNA"
base:Anc-3-B_S28_L001	ID:HNCFLBGXX.1.CTTGTA	LB:AncGE3B	SM:AncGE3B	DT:2016-01-19	CN:DNASU	PM:NextSeq	DS:"T. thermophila Whole Genome DNA"
base:Anc-3-B_S28_L002	ID:HNCFLBGXX.2.CTTGTA	LB:AncGE3B	SM:AncGE3B	DT:2016-01-19	CN:DNASU	PM:NextSeq	DS:"T. thermophila Whole Genome DNA"
base:Anc-3-B_S28_L003	ID:HNCFLBGXX.3.CTTGTA	LB:AncGE3B	SM:AncGE3B	DT:2016-01-19	CN:DNASU	PM:NextSeq	DS:"T. thermophila Whole Genome DNA"
base:Anc-3-B_S28_L004	ID:HNCFLBGXX.4.CTTGTA	LB:AncGE3B	SM:AncGE3B	DT:2016-01-19	CN:DNASU	PM:NextSeq	DS:"T. thermophila Whole Genome DNA"
base:Anc-4-A_S29_L001	ID:HNCFLBGXX.1.ATCACG	LB:AncGE4A	SM:AncGE4A	DT:2016-01-19	CN:DNASU	PM:NextSeq	DS:"T. thermophila Whole Genome DNA"
base:Anc-4-A_S29_L002	ID:HNCFLBGXX.2.ATCACG	LB:AncGE4A	SM:AncGE4A	DT:2016-01-19	CN:DNASU	PM:NextSeq	DS:"T. thermophila Whole Genome DNA"
base:Anc-4-A_S29_L003	ID:HNCFLBGXX.3.ATCACG	LB:AncGE4A	SM:AncGE4A	DT:2016-01-19	CN:DNASU	PM:NextSeq	DS:"T. thermophila Whole Genome DNA"
base:Anc-4-A_S29_L004	ID:HNCFLBGXX.4.ATCACG	LB:AncGE4A	SM:AncGE4A	DT:2016-01-19	CN:DNASU	PM:NextSeq	DS:"T. thermophila Whole Genome DNA"
base:Anc-4-B_S30_L001	ID:HNCFLBGXX.1.TTAGGC	LB:AncGE4B	SM:AncGE4B	DT:2016-01-19	CN:DNASU	PM:NextSeq	DS:"T. thermophila Whole Genome DNA"
base:Anc-4-B_S30_L002	ID:HNCFLBGXX.2.TTAGGC	LB:AncGE4B	SM:AncGE4B	DT:2016-01-19	CN:DNASU	PM:NextSeq	DS:"T. thermophila Whole Genome DNA"
base:Anc-4-B_S30_L003	ID:HNCFLBGXX.3.TTAGGC	LB:AncGE4B	SM:AncGE4B	DT:2016-01-19	CN:DNASU	PM:NextSeq	DS:"T. thermophila Whole Genome DNA"
base:Anc-4-B_S30_L004	ID:HNCFLBGXX.4.TTAGGC	LB:AncGE4B	SM:AncGE4B	DT:2016-01-19	CN:DNASU	PM:NextSeq	DS:"T. thermophila Whole Genome DNA"
base:Anc-5-A_S31_L001	ID:HNCFLBGXX.1.ACTTGA	LB:AncGE5A	SM:AncGE5A	DT:2016-01-19	CN:DNASU	PM:NextSeq	DS:"T. thermophila Whole Genome DNA"
base:Anc-5-A_S31_L002	ID:HNCFLBGXX.2.ACTTGA	LB:AncGE5A	SM:AncGE5A	DT:2016-01-19	CN:DNASU	PM:NextSeq	DS:"T. thermophila Whole Genome DNA"
base:Anc-5-A_S31_L003	ID:HNCFLBGXX.3.ACTTGA	LB:AncGE5A	SM:AncGE5A	DT:2016-01-19	CN:DNASU	PM:NextSeq	DS:"T. thermophila Whole Genome DNA"
base:Anc-5-A_S31_L004	ID:HNCFLBGXX.4.ACTTGA	LB:AncGE5A	SM:AncGE5A	DT:2016-01-19	CN:DNASU	PM:NextSeq	DS:"T. thermophila Whole Genome DNA"
base:Anc-5-B_S32_L001	ID:HNCFLBGXX.1.GATCAG	LB:AncGE5B	SM:AncGE5B	DT:2016-01-19	CN:DNASU	PM:NextSeq	DS:"T. thermophila Whole Genome DNA"
base:Anc-5-B_S32_L002	ID:HNCFLBGXX.2.GATCAG	LB:AncGE5B	SM:AncGE5B	DT:2016-01-19	CN:DNASU	PM:NextSeq	DS:"T. thermophila Whole Genome DNA"
base:Anc-5-B_S32_L003	ID:HNCFLBGXX.3.GATCAG	LB:AncGE5B	SM:AncGE5B	DT:2016-01-19	CN:DNASU	PM:NextSeq	DS:"T. thermophila Whole Genome DNA"
base:Anc-5-B_S32_L004	ID:HNCFLBGXX.4.GATCAG	LB:AncGE5B	SM:AncGE5B	DT:2016-01-19	CN:DNASU	PM:NextSeq	DS:"T. thermophila Whole Genome DNA"
base:Anc-6-A_S33_L001	ID:HNCFLBGXX.1.TAGCTT	LB:AncGE6A	SM:AncGE6A	DT:2016-01-19	CN:DNASU	PM:NextSeq	DS:"T. thermophila Whole Genome DNA"
base:Anc-6-A_S33_L002	ID:HNCFLBGXX.2.TAGCTT	LB:AncGE6A	SM:AncGE6A	DT:2016-01-19	CN:DNASU	PM:NextSeq	DS:"T. thermophila Whole Genome DNA"
base:Anc-6-A_S33_L003	ID:HNCFLBGXX.3.TAGCTT	LB:AncGE6A	SM:AncGE6A	DT:2016-01-19	CN:DNASU	PM:NextSeq	DS:"T. thermophila Whole Genome DNA"
base:Anc-6-A_S33_L004	ID:HNCFLBGXX.4.TAGCTT	LB:AncGE6A	SM:AncGE6A	DT:2016-01-19	CN:DNASU	PM:NextSeq	DS:"T. thermophila Whole Genome DNA"
base:Anc-6-B_S34_L001	ID:HNCFLBGXX.1.GGCTAC	LB:AncGE6B	SM:AncGE6B	DT:2016-01-19	CN:DNASU	PM:NextSeq	DS:"T. thermophila Whole Genome DNA"
base:Anc-6-B_S34_L002	ID:HNCFLBGXX.2.GGCTAC	LB:AncGE6B	SM:AncGE6B	DT:2016-01-19	CN:DNASU	PM:NextSeq	DS:"T. thermophila Whole Genome DNA"
base:Anc-6-B_S34_L003	ID:HNCFLBGXX.3.GGCTAC	LB:AncGE6B	SM:AncGE6B	DT:2016-01-19	CN:DNASU	PM:NextSeq	DS:"T. thermophila Whole Genome DNA"
base:Anc-6-B_S34_L004	ID:HNCFLBGXX.4.GGCTAC	LB:AncGE6B	SM:AncGE6B	DT:2016-01-19	CN:DNASU	PM:NextSeq	DS:"T. thermophila Whole Genome DNA"
base:Anc-7-A_S35_L001	ID:HNCFLBGXX.1.AGTCAA	LB:AncGE7A	SM:AncGE7A	DT:2016-01-19	CN:DNASU	PM:NextSeq	DS:"T. thermophila Whole Genome DNA"
base:Anc-7-A_S35_L002	ID:HNCFLBGXX.2.AGTCAA	LB:AncGE7A	SM:AncGE7A	DT:2016-01-19	CN:DNASU	PM:NextSeq	DS:"T. thermophila Whole Genome DNA"
base:Anc-7-A_S35_L003	ID:HNCFLBGXX.3.AGTCAA	LB:AncGE7A	SM:AncGE7A	DT:2016-01-19	CN:DNASU	PM:NextSeq	DS:"T. thermophila Whole Genome DNA"
base:Anc-7-A_S35_L004	ID:HNCFLBGXX.4.AGTCAA	LB:AncGE7A	SM:AncGE7A	DT:2016-01-19	CN:DNASU	PM:NextSeq	DS:"T. thermophila Whole Genome DNA"
base:Anc-7-B_S36_L001	ID:HNCFLBGXX.1.AGTTCC	LB:AncGE7B	SM:AncGE7B	DT:2016-01-19	CN:DNASU	PM:NextSeq	DS:"T. thermophila Whole Genome DNA"
base:Anc-7-B_S36_L002	ID:HNCFLBGXX.2.AGTTCC	LB:AncGE7B	SM:AncGE7B	DT:2016-01-19	CN:DNASU	PM:NextSeq	DS:"T. thermophila Whole Genome DNA"
base:Anc-7-B_S36_L003	ID:HNCFLBGXX.3.AGTTCC	LB:AncGE7B	SM:AncGE7B	DT:2016-01-19	CN:DNASU	PM:NextSeq	DS:"T. thermophila Whole Genome DNA"
base:Anc-7-B_S36_L004	ID:HNCFLBGXX.4.AGTTCC	LB:AncGE7B	SM:AncGE7B	DT:2016-01-19	CN:DNASU	PM:NextSeq	DS:"T. thermophila Whole Genome DNA"
base:Anc-8-A_S37_L001	ID:HNCFLBGXX.1.ATGTCA	LB:AncGE8A	SM:AncGE8A	DT:2016-01-19	CN:DNASU	PM:NextSeq	DS:"T. thermophila Whole Genome DNA"
base:Anc-8-A_S37_L002	ID:HNCFLBGXX.2.ATGTCA	LB:AncGE8A	SM:AncGE8A	DT:2016-01-19	CN:DNASU	PM:NextSeq	DS:"T. thermophila Whole Genome DNA"
base:Anc-8-A_S37_L003	ID:HNCFLBGXX.3.ATGTCA	LB:AncGE8A	SM:AncGE8A	DT:2016-01-19	CN:DNASU	PM:NextSeq	DS:"T. thermophila Whole Genome DNA"
base:Anc-8-A_S37_L004	ID:HNCFLBGXX.4.ATGTCA	LB:AncGE8A	SM:AncGE8A	DT:2016-01-19	CN:DNASU	PM:NextSeq	DS:"T. thermophila Whole Genome DNA"
base:Anc-8-B_S38_L001	ID:HNCFLBGXX.1.CCGTCC	LB:AncGE8B	SM:AncGE8B	DT:2016-01-19	CN:DNASU	PM:NextSeq	DS:"T. thermophila Whole Genome DNA"
base:Anc-8-B_S38_L002	ID:HNCFLBGXX.2.CCGTCC	LB:AncGE8B	SM:AncGE8B	DT:2016-01-19	CN:DNASU	PM:NextSeq	DS:"T. thermophila Whole Genome DNA"
base:Anc-8-B_S38_L003	ID:HNCFLBGXX.3.CCGTCC	LB:AncGE8B	SM:AncGE8B	DT:2016-01-19	CN:DNASU	PM:NextSeq	DS:"T. thermophila Whole Genome DNA"
base:Anc-8-B_S38_L004	ID:HNCFLBGXX.4.CCGTCC	LB:AncGE8B	SM:AncGE8B	DT:2016-01-19	CN:DNASU	PM:NextSeq	DS:"T. thermophila Whole Genome DNA"
base:Anc-9-A_S39_L001	ID:HNCFLBGXX.1.GTAGAG	LB:AncGE9A	SM:AncGE9A	DT:2016-01-19	CN:DNASU	PM:NextSeq	DS:"T. thermophila Whole Genome DNA"
base:Anc-9-A_S39_L002	ID:HNCFLBGXX.2.GTAGAG	LB:AncGE9A	SM:AncGE9A	DT:2016-01-19	CN:DNASU	PM:NextSeq	DS:"T. thermophila Whole Genome DNA"
base:Anc-9-A_S39_L003	ID:HNCFLBGXX.3.GTAGAG	LB:AncGE9A	SM:AncGE9A	DT:2016-01-19	CN:DNASU	PM:NextSeq	DS:"T. thermophila Whole Genome DNA"
base:Anc-9-A_S39_L004	ID:HNCFLBGXX.4.GTAGAG	LB:AncGE9A	SM:AncGE9A	DT:2016-01-19	CN:DNASU	PM:NextSeq	DS:"T. thermophila Whole Genome DNA"
base:Anc-9-B_S40_L001	ID:HNCFLBGXX.1.GTCCGC	LB:AncGE9B	SM:AncGE9B	DT:2016-01-19	CN:DNASU	PM:NextSeq	DS:"T. thermophila Whole Genome DNA"
base:Anc-9-B_S40_L002	ID:HNCFLBGXX.2.GTCCGC	LB:AncGE9B	SM:AncGE9B	DT:2016-01-19	CN:DNASU	PM:NextSeq	DS:"T. thermophila Whole Genome DNA"
base:Anc-9-B_S40_L003	ID:HNCFLBGXX.3.GTCCGC	LB:AncGE9B	SM:AncGE9B	DT:2016-01-19	CN:DNASU	PM:NextSeq	DS:"T. thermophila Whole Genome DNA"
base:Anc-9-B_S40_L004	ID:HNCFLBGXX.4.GTCCGC	LB:AncGE9B	SM:AncGE9B	DT:2016-01-19	CN:DNASU	PM:NextSeq	DS:"T. thermophila Whole Genome DNA"
base:C12GE1_S17_L001	ID:H2KCTBGX2.1.GTAGAG	LB:C12GE1	SM:C12GE1	DT:2017-04-14	CN:DNASU	PM:NextSeq	DS:"T. thermophila Whole Genome DNA"
base:C12GE1_S17_L002	ID:H2KCTBGX2.2.GTAGAG	LB:C12GE1	SM:C12GE1	DT:2017-04-14	CN:DNASU	PM:NextSeq	DS:"T. thermophila Whole Genome DNA"
base:C12GE1_S17_L003	ID:H2KCTBGX2.3.GTAGAG	LB:C12GE1	SM:C12GE1	DT:2017-04-14	CN:DNASU	PM:NextSeq	DS:"T. thermophila Whole Genome DNA"
base:C12GE1_S17_L004	ID:H2KCTBGX2.4.GTAGAG	LB:C12GE1	SM:C12GE1	DT:2017-04-14	CN:DNASU	PM:NextSeq	DS:"T. thermophila Whole Genome DNA"
base:C12GE2_S18_L001	ID:H2KCTBGX2.1.GTCCGC	LB:C12GE2	SM:C12GE2	DT:2017-04-14	CN:DNASU	PM:NextSeq	DS:"T. thermophila Whole Genome DNA"
base:C12GE2_S18_L002	ID:H2KCTBGX2.2.GTCCGC	LB:C12GE2	SM:C12GE2	DT:2017-04-14	CN:DNASU	PM:NextSeq	DS:"T. thermophila Whole Genome DNA"
base:C12GE2_S18_L003	ID:H2KCTBGX2.3.GTCCGC	LB:C12GE2	SM:C12GE2	DT:2017-04-14	CN:DNASU	PM:NextSeq	DS:"T. thermophila Whole Genome DNA"
base:C12GE2_S18_L004	ID:H2KCTBGX2.4.GTCCGC	LB:C12GE2	SM:C12GE2	DT:2017-04-14	CN:DNASU	PM:NextSeq	DS:"T. thermophila Whole Genome DNA"
base:C12MA_S5_L001	ID:H2KCTBGX2.1.CAGATC	LB:C12MA	SM:C12MA	DT:2017-04-14	CN:DNASU	PM:NextSeq	DS:"T. thermophila Whole Genome DNA"
base:C12MA_S5_L002	ID:H2KCTBGX2.2.CAGATC	LB:C12MA	SM:C12MA	DT:2017-04-14	CN:DNASU	PM:NextSeq	DS:"T. thermophila Whole Genome DNA"
base:C12MA_S5_L003	ID:H2KCTBGX2.3.CAGATC	LB:C12MA	SM:C12MA	DT:2017-04-14	CN:DNASU	PM:NextSeq	DS:"T. thermophila Whole Genome DNA"
base:C12MA_S5_L004	ID:H2KCTBGX2.4.CAGATC	LB:C12MA	SM:C12MA	DT:2017-04-14	CN:DNASU	PM:NextSeq	DS:"T. thermophila Whole Genome DNA"
base:C3GE1_S15_L001	ID:H2KCTBGX2.1.ATGTCA	LB:C3GE1	SM:C3GE1	DT:2017-04-14	CN:DNASU	PM:NextSeq	DS:"T. thermophila Whole Genome DNA"
base:C3GE1_S15_L002	ID:H2KCTBGX2.2.ATGTCA	LB:C3GE1	SM:C3GE1	DT:2017-04-14	CN:DNASU	PM:NextSeq	DS:"T. thermophila Whole Genome DNA"
base:C3GE1_S15_L003	ID:H2KCTBGX2.3.ATGTCA	LB:C3GE1	SM:C3GE1	DT:2017-04-14	CN:DNASU	PM:NextSeq	DS:"T. thermophila Whole Genome DNA"
base:C3GE1_S15_L004	ID:H2KCTBGX2.4.ATGTCA	LB:C3GE1	SM:C3GE1	DT:2017-04-14	CN:DNASU	PM:NextSeq	DS:"T. thermophila Whole Genome DNA"
base:C3GE2_S16_L001	ID:H2KCTBGX2.1.CCGTCC	LB:C3GE2	SM:C3GE2	DT:2017-04-14	CN:DNASU	PM:NextSeq	DS:"T. thermophila Whole Genome DNA"
base:C3GE2_S16_L002	ID:H2KCTBGX2.2.CCGTCC	LB:C3GE2	SM:C3GE2	DT:2017-04-14	CN:DNASU	PM:NextSeq	DS:"T. thermophila Whole Genome DNA"
base:C3GE2_S16_L003	ID:H2KCTBGX2.3.CCGTCC	LB:C3GE2	SM:C3GE2	DT:2017-04-14	CN:DNASU	PM:NextSeq	DS:"T. thermophila Whole Genome DNA"
base:C3GE2_S16_L004	ID:H2KCTBGX2.4.CCGTCC	LB:C3GE2	SM:C3GE2	DT:2017-04-14	CN:DNASU	PM:NextSeq	DS:"T. thermophila Whole Genome DNA"
base:C3MA_S4_L001	ID:H2KCTBGX2.1.GCCAAT	LB:C3MA	SM:C3MA	DT:2017-04-14	CN:DNASU	PM:NextSeq	DS:"T. thermophila Whole Genome DNA"
base:C3MA_S4_L002	ID:H2KCTBGX2.2.GCCAAT	LB:C3MA	SM:C3MA	DT:2017-04-14	CN:DNASU	PM:NextSeq	DS:"T. thermophila Whole Genome DNA"
base:C3MA_S4_L003	ID:H2KCTBGX2.3.GCCAAT	LB:C3MA	SM:C3MA	DT:2017-04-14	CN:DNASU	PM:NextSeq	DS:"T. thermophila Whole Genome DNA"
base:C3MA_S4_L004	ID:H2KCTBGX2.4.GCCAAT	LB:C3MA	SM:C3MA	DT:2017-04-14	CN:DNASU	PM:NextSeq	DS:"T. thermophila Whole Genome DNA"
base:D2GE1_S19_L001	ID:H2KCTBGX2.1.GTGAAA	LB:D2GE1	SM:D2GE1	DT:2017-04-14	CN:DNASU	PM:NextSeq	DS:"T. thermophila Whole Genome DNA"
base:D2GE1_S19_L002	ID:H2KCTBGX2.2.GTGAAA	LB:D2GE1	SM:D2GE1	DT:2017-04-14	CN:DNASU	PM:NextSeq	DS:"T. thermophila Whole Genome DNA"
base:D2GE1_S19_L003	ID:H2KCTBGX2.3.GTGAAA	LB:D2GE1	SM:D2GE1	DT:2017-04-14	CN:DNASU	PM:NextSeq	DS:"T. thermophila Whole Genome DNA"
base:D2GE1_S19_L004	ID:H2KCTBGX2.4.GTGAAA	LB:D2GE1	SM:D2GE1	DT:2017-04-14	CN:DNASU	PM:NextSeq	DS:"T. thermophila Whole Genome DNA"
base:D2GE2_S20_L001	ID:H2KCTBGX2.1.GTGGCC	LB:D2GE2	SM:D2GE2	DT:2017-04-14	CN:DNASU	PM:NextSeq	DS:"T. thermophila Whole Genome DNA"
base:D2GE2_S20_L002	ID:H2KCTBGX2.2.GTGGCC	LB:D2GE2	SM:D2GE2	DT:2017-04-14	CN:DNASU	PM:NextSeq	DS:"T. thermophila Whole Genome DNA"
base:D2GE2_S20_L003	ID:H2KCTBGX2.3.GTGGCC	LB:D2GE2	SM:D2GE2	DT:2017-04-14	CN:DNASU	PM:NextSeq	DS:"T. thermophila Whole Genome DNA"
base:D2GE2_S20_L004	ID:H2KCTBGX2.4.GTGGCC	LB:D2GE2	SM:D2GE2	DT:2017-04-14	CN:DNASU	PM:NextSeq	DS:"T. thermophila Whole Genome DNA"
base:D2MA_S1_L001	ID:HLVMKAFXX.1.TGACCA	LB:D2MA	SM:D2MA	DT:2017-05-26	CN:DNASU	PM:NextSeq	DS:"T. thermophila Whole Genome DNA"
base:D2MA_S1_L002	ID:HLVMKAFXX.2.TGACCA	LB:D2MA	SM:D2MA	DT:2017-05-26	CN:DNASU	PM:NextSeq	DS:"T. thermophila Whole Genome DNA"
base:D2MA_S1_L003	ID:HLVMKAFXX.3.TGACCA	LB:D2MA	SM:D2MA	DT:2017-05-26	CN:DNASU	PM:NextSeq	DS:"T. thermophila Whole Genome DNA"
base:D2MA_S1_L004	ID:HLVMKAFXX.4.TGACCA	LB:D2MA	SM:D2MA	DT:2017-05-26	CN:DNASU	PM:NextSeq	DS:"T. thermophila Whole Genome DNA"
base:F6GE1_S21_L001	ID:H2KCTBGX2.1.GTTTCG	LB:F6GE1	SM:F6GE1	DT:2017-04-14	CN:DNASU	PM:NextSeq	DS:"T. thermophila Whole Genome DNA"
base:F6GE1_S21_L002	ID:H2KCTBGX2.2.GTTTCG	LB:F6GE1	SM:F6GE1	DT:2017-04-14	CN:DNASU	PM:NextSeq	DS:"T. thermophila Whole Genome DNA"
base:F6GE1_S21_L003	ID:H2KCTBGX2.3.GTTTCG	LB:F6GE1	SM:F6GE1	DT:2017-04-14	CN:DNASU	PM:NextSeq	DS:"T. thermophila Whole Genome DNA"
base:F6GE1_S21_L004	ID:H2KCTBGX2.4.GTTTCG	LB:F6GE1	SM:F6GE1	DT:2017-04-14	CN:DNASU	PM:NextSeq	DS:"T. thermophila Whole Genome DNA"
base:F6GE2_S22_L001	ID:H2KCTBGX2.1.CGTACG	LB:F6GE2	SM:F6GE2	DT:2017-04-14	CN:DNASU	PM:NextSeq	DS:"T. thermophila Whole Genome DNA"
base:F6GE2_S22_L002	ID:H2KCTBGX2.2.CGTACG	LB:F6GE2	SM:F6GE2	DT:2017-04-14	CN:DNASU	PM:NextSeq	DS:"T. thermophila Whole Genome DNA"
base:F6GE2_S22_L003	ID:H2KCTBGX2.3.CGTACG	LB:F6GE2	SM:F6GE2	DT:2017-04-14	CN:DNASU	PM:NextSeq	DS:"T. thermophila Whole Genome DNA"
base:F6GE2_S22_L004	ID:H2KCTBGX2.4.CGTACG	LB:F6GE2	SM:F6GE2	DT:2017-04-14	CN:DNASU	PM:NextSeq	DS:"T. thermophila Whole Genome DNA"
base:F6MA_S7_L001	ID:H2KCTBGX2.1.ATCACG	LB:F6MA	SM:F6MA	DT:2017-04-14	CN:DNASU	PM:NextSeq	DS:"T. thermophila Whole Genome DNA"
base:F6MA_S7_L002	ID:H2KCTBGX2.2.ATCACG	LB:F6MA	SM:F6MA	DT:2017-04-14	CN:DNASU	PM:NextSeq	DS:"T. thermophila Whole Genome DNA"
base:F6MA_S7_L003	ID:H2KCTBGX2.3.ATCACG	LB:F6MA	SM:F6MA	DT:2017-04-14	CN:DNASU	PM:NextSeq	DS:"T. thermophila Whole Genome DNA"
base:F6MA_S7_L004	ID:H2KCTBGX2.4.ATCACG	LB:F6MA	SM:F6MA	DT:2017-04-14	CN:DNASU	PM:NextSeq	DS:"T. thermophila Whole Genome DNA"
base:F7GE1_S23_L001	ID:H2KCTBGX2.1.GAGTGG	LB:F7GE1	SM:F7GE1	DT:2017-04-14	CN:DNASU	PM:NextSeq	DS:"T. thermophila Whole Genome DNA"
base:F7GE1_S23_L002	ID:H2KCTBGX2.2.GAGTGG	LB:F7GE1	SM:F7GE1	DT:2017-04-14	CN:DNASU	PM:NextSeq	DS:"T. thermophila Whole Genome DNA"
base:F7GE1_S23_L003	ID:H2KCTBGX2.3.GAGTGG	LB:F7GE1	SM:F7GE1	DT:2017-04-14	CN:DNASU	PM:NextSeq	DS:"T. thermophila Whole Genome DNA"
base:F7GE1_S23_L004	ID:H2KCTBGX2.4.GAGTGG	LB:F7GE1	SM:F7GE1	DT:2017-04-14	CN:DNASU	PM:NextSeq	DS:"T. thermophila Whole Genome DNA"
base:F7GE2_S24_L001	ID:H2KCTBGX2.1.GGTAGC	LB:F7GE2	SM:F7GE2	DT:2017-04-14	CN:DNASU	PM:NextSeq	DS:"T. thermophila Whole Genome DNA"
base:F7GE2_S24_L002	ID:H2KCTBGX2.2.GGTAGC	LB:F7GE2	SM:F7GE2	DT:2017-04-14	CN:DNASU	PM:NextSeq	DS:"T. thermophila Whole Genome DNA"
base:F7GE2_S24_L003	ID:H2KCTBGX2.3.GGTAGC	LB:F7GE2	SM:F7GE2	DT:2017-04-14	CN:DNASU	PM:NextSeq	DS:"T. thermophila Whole Genome DNA"
base:F7GE2_S24_L004	ID:H2KCTBGX2.4.GGTAGC	LB:F7GE2	SM:F7GE2	DT:2017-04-14	CN:DNASU	PM:NextSeq	DS:"T. thermophila Whole Genome DNA"
base:F7MA_S8_L001	ID:H2KCTBGX2.1.TTAGGC	LB:F7MA	SM:F7MA	DT:2017-04-14	CN:DNASU	PM:NextSeq	DS:"T. thermophila Whole Genome DNA"
base:F7MA_S8_L002	ID:H2KCTBGX2.2.TTAGGC	LB:F7MA	SM:F7MA	DT:2017-04-14	CN:DNASU	PM:NextSeq	DS:"T. thermophila Whole Genome DNA"
base:F7MA_S8_L003	ID:H2KCTBGX2.3.TTAGGC	LB:F7MA	SM:F7MA	DT:2017-04-14	CN:DNASU	PM:NextSeq	DS:"T. thermophila Whole Genome DNA"
base:F7MA_S8_L004	ID:H2KCTBGX2.4.TTAGGC	LB:F7MA	SM:F7MA	DT:2017-04-14	CN:DNASU	PM:NextSeq	DS:"T. thermophila Whole Genome DNA"
base:G10GE1_S29_L001	ID:H2KCTBGX2.1.CAACTA	LB:G10GE1	SM:G10GE1	DT:2017-04-14	CN:DNASU	PM:NextSeq	DS:"T. thermophila Whole Genome DNA"
base:G10GE1_S29_L002	ID:H2KCTBGX2.2.CAACTA	LB:G10GE1	SM:G10GE1	DT:2017-04-14	CN:DNASU	PM:NextSeq	DS:"T. thermophila Whole Genome DNA"
base:G10GE1_S29_L003	ID:H2KCTBGX2.3.CAACTA	LB:G10GE1	SM:G10GE1	DT:2017-04-14	CN:DNASU	PM:NextSeq	DS:"T. thermophila Whole Genome DNA"
base:G10GE1_S29_L004	ID:H2KCTBGX2.4.CAACTA	LB:G10GE1	SM:G10GE1	DT:2017-04-14	CN:DNASU	PM:NextSeq	DS:"T. thermophila Whole Genome DNA"
base:G10GE2_S30_L001	ID:H2KCTBGX2.1.CACCGG	LB:G10GE2	SM:G10GE2	DT:2017-04-14	CN:DNASU	PM:NextSeq	DS:"T. thermophila Whole Genome DNA"
base:G10GE2_S30_L002	ID:H2KCTBGX2.2.CACCGG	LB:G10GE2	SM:G10GE2	DT:2017-04-14	CN:DNASU	PM:NextSeq	DS:"T. thermophila Whole Genome DNA"
base:G10GE2_S30_L003	ID:H2KCTBGX2.3.CACCGG	LB:G10GE2	SM:G10GE2	DT:2017-04-14	CN:DNASU	PM:NextSeq	DS:"T. thermophila Whole Genome DNA"
base:G10GE2_S30_L004	ID:H2KCTBGX2.4.CACCGG	LB:G10GE2	SM:G10GE2	DT:2017-04-14	CN:DNASU	PM:NextSeq	DS:"T. thermophila Whole Genome DNA"
base:G10MA_S11_L001	ID:H2KCTBGX2.1.TAGCTT	LB:G10MA	SM:G10MA	DT:2017-04-14	CN:DNASU	PM:NextSeq	DS:"T. thermophila Whole Genome DNA"
base:G10MA_S11_L002	ID:H2KCTBGX2.2.TAGCTT	LB:G10MA	SM:G10MA	DT:2017-04-14	CN:DNASU	PM:NextSeq	DS:"T. thermophila Whole Genome DNA"
base:G10MA_S11_L003	ID:H2KCTBGX2.3.TAGCTT	LB:G10MA	SM:G10MA	DT:2017-04-14	CN:DNASU	PM:NextSeq	DS:"T. thermophila Whole Genome DNA"
base:G10MA_S11_L004	ID:H2KCTBGX2.4.TAGCTT	LB:G10MA	SM:G10MA	DT:2017-04-14	CN:DNASU	PM:NextSeq	DS:"T. thermophila Whole Genome DNA"
base:G12GE1_S31_L001	ID:H2KCTBGX2.1.CACGAT	LB:G12GE1	SM:G12GE1	DT:2017-04-14	CN:DNASU	PM:NextSeq	DS:"T. thermophila Whole Genome DNA"
base:G12GE1_S31_L002	ID:H2KCTBGX2.2.CACGAT	LB:G12GE1	SM:G12GE1	DT:2017-04-14	CN:DNASU	PM:NextSeq	DS:"T. thermophila Whole Genome DNA"
base:G12GE1_S31_L003	ID:H2KCTBGX2.3.CACGAT	LB:G12GE1	SM:G12GE1	DT:2017-04-14	CN:DNASU	PM:NextSeq	DS:"T. thermophila Whole Genome DNA"
base:G12GE1_S31_L004	ID:H2KCTBGX2.4.CACGAT	LB:G12GE1	SM:G12GE1	DT:2017-04-14	CN:DNASU	PM:NextSeq	DS:"T. thermophila Whole Genome DNA"
base:G12GE2_S32_L001	ID:H2KCTBGX2.1.CACTCA	LB:G12GE2	SM:G12GE2	DT:2017-04-14	CN:DNASU	PM:NextSeq	DS:"T. thermophila Whole Genome DNA"
base:G12GE2_S32_L002	ID:H2KCTBGX2.2.CACTCA	LB:G12GE2	SM:G12GE2	DT:2017-04-14	CN:DNASU	PM:NextSeq	DS:"T. thermophila Whole Genome DNA"
base:G12GE2_S32_L003	ID:H2KCTBGX2.3.CACTCA	LB:G12GE2	SM:G12GE2	DT:2017-04-14	CN:DNASU	PM:NextSeq	DS:"T. thermophila Whole Genome DNA"
base:G12GE2_S32_L004	ID:H2KCTBGX2.4.CACTCA	LB:G12GE2	SM:G12GE2	DT:2017-04-14	CN:DNASU	PM:NextSeq	DS:"T. thermophila Whole Genome DNA"
base:G12MA_S12_L001	ID:H2KCTBGX2.1.GGCTAC	LB:G12MA	SM:G12MA	DT:2017-04-14	CN:DNASU	PM:NextSeq	DS:"T. thermophila Whole Genome DNA"
base:G12MA_S12_L002	ID:H2KCTBGX2.2.GGCTAC	LB:G12MA	SM:G12MA	DT:2017-04-14	CN:DNASU	PM:NextSeq	DS:"T. thermophila Whole Genome DNA"
base:G12MA_S12_L003	ID:H2KCTBGX2.3.GGCTAC	LB:G12MA	SM:G12MA	DT:2017-04-14	CN:DNASU	PM:NextSeq	DS:"T. thermophila Whole Genome DNA"
base:G12MA_S12_L004	ID:H2KCTBGX2.4.GGCTAC	LB:G12MA	SM:G12MA	DT:2017-04-14	CN:DNASU	PM:NextSeq	DS:"T. thermophila Whole Genome DNA"
base:G7GE1_S25_L001	ID:H2KCTBGX2.1.ACTGAT	LB:G7GE1	SM:G7GE1	DT:2017-04-14	CN:DNASU	PM:NextSeq	DS:"T. thermophila Whole Genome DNA"
base:G7GE1_S25_L002	ID:H2KCTBGX2.2.ACTGAT	LB:G7GE1	SM:G7GE1	DT:2017-04-14	CN:DNASU	PM:NextSeq	DS:"T. thermophila Whole Genome DNA"
base:G7GE1_S25_L003	ID:H2KCTBGX2.3.ACTGAT	LB:G7GE1	SM:G7GE1	DT:2017-04-14	CN:DNASU	PM:NextSeq	DS:"T. thermophila Whole Genome DNA"
base:G7GE1_S25_L004	ID:H2KCTBGX2.4.ACTGAT	LB:G7GE1	SM:G7GE1	DT:2017-04-14	CN:DNASU	PM:NextSeq	DS:"T. thermophila Whole Genome DNA"
base:G7GE2_S26_L001	ID:H2KCTBGX2.1.ATGAGC	LB:G7GE2	SM:G7GE2	DT:2017-04-14	CN:DNASU	PM:NextSeq	DS:"T. thermophila Whole Genome DNA"
base:G7GE2_S26_L002	ID:H2KCTBGX2.2.ATGAGC	LB:G7GE2	SM:G7GE2	DT:2017-04-14	CN:DNASU	PM:NextSeq	DS:"T. thermophila Whole Genome DNA"
base:G7GE2_S26_L003	ID:H2KCTBGX2.3.ATGAGC	LB:G7GE2	SM:G7GE2	DT:2017-04-14	CN:DNASU	PM:NextSeq	DS:"T. thermophila Whole Genome DNA"
base:G7GE2_S26_L004	ID:H2KCTBGX2.4.ATGAGC	LB:G7GE2	SM:G7GE2	DT:2017-04-14	CN:DNASU	PM:NextSeq	DS:"T. thermophila Whole Genome DNA"
base:G7MA_S9_L001	ID:H2KCTBGX2.1.ACTTGA	LB:G7MA	SM:G7MA	DT:2017-04-14	CN:DNASU	PM:NextSeq	DS:"T. thermophila Whole Genome DNA"
base:G7MA_S9_L002	ID:H2KCTBGX2.2.ACTTGA	LB:G7MA	SM:G7MA	DT:2017-04-14	CN:DNASU	PM:NextSeq	DS:"T. thermophila Whole Genome DNA"
base:G7MA_S9_L003	ID:H2KCTBGX2.3.ACTTGA	LB:G7MA	SM:G7MA	DT:2017-04-14	CN:DNASU	PM:NextSeq	DS:"T. thermophila Whole Genome DNA"
base:G7MA_S9_L004	ID:H2KCTBGX2.4.ACTTGA	LB:G7MA	SM:G7MA	DT:2017-04-14	CN:DNASU	PM:NextSeq	DS:"T. thermophila Whole Genome DNA"
base:G9GE1_S27_L001	ID:H2KCTBGX2.1.ATTCCT	LB:G9GE1	SM:G9GE1	DT:2017-04-14	CN:DNASU	PM:NextSeq	DS:"T. thermophila Whole Genome DNA"
base:G9GE1_S27_L002	ID:H2KCTBGX2.2.ATTCCT	LB:G9GE1	SM:G9GE1	DT:2017-04-14	CN:DNASU	PM:NextSeq	DS:"T. thermophila Whole Genome DNA"
base:G9GE1_S27_L003	ID:H2KCTBGX2.3.ATTCCT	LB:G9GE1	SM:G9GE1	DT:2017-04-14	CN:DNASU	PM:NextSeq	DS:"T. thermophila Whole Genome DNA"
base:G9GE1_S27_L004	ID:H2KCTBGX2.4.ATTCCT	LB:G9GE1	SM:G9GE1	DT:2017-04-14	CN:DNASU	PM:NextSeq	DS:"T. thermophila Whole Genome DNA"
base:G9GE2_S28_L001	ID:H2KCTBGX2.1.CAAAAG	LB:G9GE2	SM:G9GE2	DT:2017-04-14	CN:DNASU	PM:NextSeq	DS:"T. thermophila Whole Genome DNA"
base:G9GE2_S28_L002	ID:H2KCTBGX2.2.CAAAAG	LB:G9GE2	SM:G9GE2	DT:2017-04-14	CN:DNASU	PM:NextSeq	DS:"T. thermophila Whole Genome DNA"
base:G9GE2_S28_L003	ID:H2KCTBGX2.3.CAAAAG	LB:G9GE2	SM:G9GE2	DT:2017-04-14	CN:DNASU	PM:NextSeq	DS:"T. thermophila Whole Genome DNA"
base:G9GE2_S28_L004	ID:H2KCTBGX2.4.CAAAAG	LB:G9GE2	SM:G9GE2	DT:2017-04-14	CN:DNASU	PM:NextSeq	DS:"T. thermophila Whole Genome DNA"
base:G9MA_S10_L001	ID:H2KCTBGX2.1.GATCAG	LB:G9MA	SM:G9MA	DT:2017-04-14	CN:DNASU	PM:NextSeq	DS:"T. thermophila Whole Genome DNA"
base:G9MA_S10_L002	ID:H2KCTBGX2.2.GATCAG	LB:G9MA	SM:G9MA	DT:2017-04-14	CN:DNASU	PM:NextSeq	DS:"T. thermophila Whole Genome DNA"
base:G9MA_S10_L003	ID:H2KCTBGX2.3.GATCAG	LB:G9MA	SM:G9MA	DT:2017-04-14	CN:DNASU	PM:NextSeq	DS:"T. thermophila Whole Genome DNA"
base:G9MA_S10_L004	ID:H2KCTBGX2.4.GATCAG	LB:G9MA	SM:G9MA	DT:2017-04-14	CN:DNASU	PM:NextSeq	DS:"T. thermophila Whole Genome DNA"
base:SB210E_1_S1_L001	ID:H2KCTBGX2.1.CGATGT	LB:SB210E_1	SM:SB210E_1	DT:2017-04-14	CN:DNASU	PM:NextSeq	DS:"T. thermophila Whole Genome DNA"
base:SB210E_1_S1_L002	ID:H2KCTBGX2.2.CGATGT	LB:SB210E_1	SM:SB210E_1	DT:2017-04-14	CN:DNASU	PM:NextSeq	DS:"T. thermophila Whole Genome DNA"
base:SB210E_1_S1_L003	ID:H2KCTBGX2.3.CGATGT	LB:SB210E_1	SM:SB210E_1	DT:2017-04-14	CN:DNASU	PM:NextSeq	DS:"T. thermophila Whole Genome DNA"
base:SB210E_1_S1_L004	ID:H2KCTBGX2.4.CGATGT	LB:SB210E_1	SM:SB210E_1	DT:2017-04-14	CN:DNASU	PM:NextSeq	DS:"T. thermophila Whole Genome DNA"
base:SB210E_2_S2_L001	ID:H2KCTBGX2.1.TGACCA	LB:SB210E_2	SM:SB210E_2	DT:2017-04-14	CN:DNASU	PM:NextSeq	DS:"T. thermophila Whole Genome DNA"
base:SB210E_2_S2_L002	ID:H2KCTBGX2.2.TGACCA	LB:SB210E_2	SM:SB210E_2	DT:2017-04-14	CN:DNASU	PM:NextSeq	DS:"T. thermophila Whole Genome DNA"
base:SB210E_2_S2_L003	ID:H2KCTBGX2.3.TGACCA	LB:SB210E_2	SM:SB210E_2	DT:2017-04-14	CN:DNASU	PM:NextSeq	DS:"T. thermophila Whole Genome DNA"
base:SB210E_2_S2_L004	ID:H2KCTBGX2.4.TGACCA	LB:SB210E_2	SM:SB210E_2	DT:2017-04-14	CN:DNASU	PM:NextSeq	DS:"T. thermophila Whole Genome DNA"
