file	base	ID	LB	SM	DT	CN	PM	DS
A12GE1_S13_L001_R1_001.fastq.gz	A12GE1_S13_L001	H2KCTBGX2.1.AGTCAA	A12GE1	A12GE1	2017-04-14	DNASU	NextSeq	"T. thermophila Whole Genome DNA"
A12GE1_S13_L001_R2_001.fastq.gz	A12GE1_S13_L001	H2KCTBGX2.1.AGTCAA	A12GE1	A12GE1	2017-04-14	DNASU	NextSeq	"T. thermophila Whole Genome DNA"
A12GE1_S13_L002_R1_001.fastq.gz	A12GE1_S13_L002	H2KCTBGX2.2.AGTCAA	A12GE1	A12GE1	2017-04-14	DNASU	NextSeq	"T. thermophila Whole Genome DNA"
A12GE1_S13_L002_R2_001.fastq.gz	A12GE1_S13_L002	H2KCTBGX2.2.AGTCAA	A12GE1	A12GE1	2017-04-14	DNASU	NextSeq	"T. thermophila Whole Genome DNA"
A12GE1_S13_L003_R1_001.fastq.gz	A12GE1_S13_L003	H2KCTBGX2.3.AGTCAA	A12GE1	A12GE1	2017-04-14	DNASU	NextSeq	"T. thermophila Whole Genome DNA"
A12GE1_S13_L003_R2_001.fastq.gz	A12GE1_S13_L003	H2KCTBGX2.3.AGTCAA	A12GE1	A12GE1	2017-04-14	DNASU	NextSeq	"T. thermophila Whole Genome DNA"
A12GE1_S13_L004_R1_001.fastq.gz	A12GE1_S13_L004	H2KCTBGX2.4.AGTCAA	A12GE1	A12GE1	2017-04-14	DNASU	NextSeq	"T. thermophila Whole Genome DNA"
A12GE1_S13_L004_R2_001.fastq.gz	A12GE1_S13_L004	H2KCTBGX2.4.AGTCAA	A12GE1	A12GE1	2017-04-14	DNASU	NextSeq	"T. thermophila Whole Genome DNA"
A12GE2_S14_L001_R1_001.fastq.gz	A12GE2_S14_L001	H2KCTBGX2.1.AGTTCC	A12GE2	A12GE2	2017-04-14	DNASU	NextSeq	"T. thermophila Whole Genome DNA"
A12GE2_S14_L001_R2_001.fastq.gz	A12GE2_S14_L001	H2KCTBGX2.1.AGTTCC	A12GE2	A12GE2	2017-04-14	DNASU	NextSeq	"T. thermophila Whole Genome DNA"
A12GE2_S14_L002_R1_001.fastq.gz	A12GE2_S14_L002	H2KCTBGX2.2.AGTTCC	A12GE2	A12GE2	2017-04-14	DNASU	NextSeq	"T. thermophila Whole Genome DNA"
A12GE2_S14_L002_R2_001.fastq.gz	A12GE2_S14_L002	H2KCTBGX2.2.AGTTCC	A12GE2	A12GE2	2017-04-14	DNASU	NextSeq	"T. thermophila Whole Genome DNA"
A12GE2_S14_L003_R1_001.fastq.gz	A12GE2_S14_L003	H2KCTBGX2.3.AGTTCC	A12GE2	A12GE2	2017-04-14	DNASU	NextSeq	"T. thermophila Whole Genome DNA"
A12GE2_S14_L003_R2_001.fastq.gz	A12GE2_S14_L003	H2KCTBGX2.3.AGTTCC	A12GE2	A12GE2	2017-04-14	DNASU	NextSeq	"T. thermophila Whole Genome DNA"
A12GE2_S14_L004_R1_001.fastq.gz	A12GE2_S14_L004	H2KCTBGX2.4.AGTTCC	A12GE2	A12GE2	2017-04-14	DNASU	NextSeq	"T. thermophila Whole Genome DNA"
A12GE2_S14_L004_R2_001.fastq.gz	A12GE2_S14_L004	H2KCTBGX2.4.AGTTCC	A12GE2	A12GE2	2017-04-14	DNASU	NextSeq	"T. thermophila Whole Genome DNA"
A12MA_S3_L001_R1_001.fastq.gz	A12MA_S3_L001	H2KCTBGX2.1.ACAGTG	A12MA	A12MA	2017-04-14	DNASU	NextSeq	"T. thermophila Whole Genome DNA"
A12MA_S3_L001_R2_001.fastq.gz	A12MA_S3_L001	H2KCTBGX2.1.ACAGTG	A12MA	A12MA	2017-04-14	DNASU	NextSeq	"T. thermophila Whole Genome DNA"
A12MA_S3_L002_R1_001.fastq.gz	A12MA_S3_L002	H2KCTBGX2.2.ACAGTG	A12MA	A12MA	2017-04-14	DNASU	NextSeq	"T. thermophila Whole Genome DNA"
A12MA_S3_L002_R2_001.fastq.gz	A12MA_S3_L002	H2KCTBGX2.2.ACAGTG	A12MA	A12MA	2017-04-14	DNASU	NextSeq	"T. thermophila Whole Genome DNA"
A12MA_S3_L003_R1_001.fastq.gz	A12MA_S3_L003	H2KCTBGX2.3.ACAGTG	A12MA	A12MA	2017-04-14	DNASU	NextSeq	"T. thermophila Whole Genome DNA"
A12MA_S3_L003_R2_001.fastq.gz	A12MA_S3_L003	H2KCTBGX2.3.ACAGTG	A12MA	A12MA	2017-04-14	DNASU	NextSeq	"T. thermophila Whole Genome DNA"
A12MA_S3_L004_R1_001.fastq.gz	A12MA_S3_L004	H2KCTBGX2.4.ACAGTG	A12MA	A12MA	2017-04-14	DNASU	NextSeq	"T. thermophila Whole Genome DNA"
A12MA_S3_L004_R2_001.fastq.gz	A12MA_S3_L004	H2KCTBGX2.4.ACAGTG	A12MA	A12MA	2017-04-14	DNASU	NextSeq	"T. thermophila Whole Genome DNA"
Anc-1-A_S21_L001_R1_001.fastq.gz	Anc-1-A_S21_L001	HNCFLBGXX.1.CGATGT	Anc-1-A	Anc-1-A	2016-01-19	DNASU	NextSeq	"T. thermophila Whole Genome DNA"
Anc-1-A_S21_L001_R2_001.fastq.gz	Anc-1-A_S21_L001	HNCFLBGXX.1.CGATGT	Anc-1-A	Anc-1-A	2016-01-19	DNASU	NextSeq	"T. thermophila Whole Genome DNA"
Anc-1-A_S21_L002_R1_001.fastq.gz	Anc-1-A_S21_L002	HNCFLBGXX.2.CGATGT	Anc-1-A	Anc-1-A	2016-01-19	DNASU	NextSeq	"T. thermophila Whole Genome DNA"
Anc-1-A_S21_L002_R2_001.fastq.gz	Anc-1-A_S21_L002	HNCFLBGXX.2.CGATGT	Anc-1-A	Anc-1-A	2016-01-19	DNASU	NextSeq	"T. thermophila Whole Genome DNA"
Anc-1-A_S21_L003_R1_001.fastq.gz	Anc-1-A_S21_L003	HNCFLBGXX.3.CGATGT	Anc-1-A	Anc-1-A	2016-01-19	DNASU	NextSeq	"T. thermophila Whole Genome DNA"
Anc-1-A_S21_L003_R2_001.fastq.gz	Anc-1-A_S21_L003	HNCFLBGXX.3.CGATGT	Anc-1-A	Anc-1-A	2016-01-19	DNASU	NextSeq	"T. thermophila Whole Genome DNA"
Anc-1-A_S21_L004_R1_001.fastq.gz	Anc-1-A_S21_L004	HNCFLBGXX.4.CGATGT	Anc-1-A	Anc-1-A	2016-01-19	DNASU	NextSeq	"T. thermophila Whole Genome DNA"
Anc-1-A_S21_L004_R2_001.fastq.gz	Anc-1-A_S21_L004	HNCFLBGXX.4.CGATGT	Anc-1-A	Anc-1-A	2016-01-19	DNASU	NextSeq	"T. thermophila Whole Genome DNA"
Anc-1-B_S1_L001_R1_001.fastq.gz	Anc-1-B_S1_L001	000000000-AL996.1.1	Anc-1-B	Anc-1-B	2016-02-10	DNASU	MiSeq	"T. thermophila Whole Genome DNA"
Anc-1-B_S1_L001_R2_001.fastq.gz	Anc-1-B_S1_L001	000000000-AL996.1.1	Anc-1-B	Anc-1-B	2016-02-10	DNASU	MiSeq	"T. thermophila Whole Genome DNA"
Anc-10-A_S1_L001_R1_001.fastq.gz	Anc-10-A_S1_L001	HNCFLBGXX.1.GTGAAA	Anc-10-A	Anc-10-A	2016-01-19	DNASU	NextSeq	"T. thermophila Whole Genome DNA"
Anc-10-A_S1_L001_R2_001.fastq.gz	Anc-10-A_S1_L001	HNCFLBGXX.1.GTGAAA	Anc-10-A	Anc-10-A	2016-01-19	DNASU	NextSeq	"T. thermophila Whole Genome DNA"
Anc-10-A_S1_L002_R1_001.fastq.gz	Anc-10-A_S1_L002	HNCFLBGXX.2.GTGAAA	Anc-10-A	Anc-10-A	2016-01-19	DNASU	NextSeq	"T. thermophila Whole Genome DNA"
Anc-10-A_S1_L002_R2_001.fastq.gz	Anc-10-A_S1_L002	HNCFLBGXX.2.GTGAAA	Anc-10-A	Anc-10-A	2016-01-19	DNASU	NextSeq	"T. thermophila Whole Genome DNA"
Anc-10-A_S1_L003_R1_001.fastq.gz	Anc-10-A_S1_L003	HNCFLBGXX.3.GTGAAA	Anc-10-A	Anc-10-A	2016-01-19	DNASU	NextSeq	"T. thermophila Whole Genome DNA"
Anc-10-A_S1_L003_R2_001.fastq.gz	Anc-10-A_S1_L003	HNCFLBGXX.3.GTGAAA	Anc-10-A	Anc-10-A	2016-01-19	DNASU	NextSeq	"T. thermophila Whole Genome DNA"
Anc-10-A_S1_L004_R1_001.fastq.gz	Anc-10-A_S1_L004	HNCFLBGXX.4.GTGAAA	Anc-10-A	Anc-10-A	2016-01-19	DNASU	NextSeq	"T. thermophila Whole Genome DNA"
Anc-10-A_S1_L004_R2_001.fastq.gz	Anc-10-A_S1_L004	HNCFLBGXX.4.GTGAAA	Anc-10-A	Anc-10-A	2016-01-19	DNASU	NextSeq	"T. thermophila Whole Genome DNA"
Anc-10-B_S2_L001_R1_001.fastq.gz	Anc-10-B_S2_L001	HNCFLBGXX.1.GTGGCC	Anc-10-B	Anc-10-B	2016-01-19	DNASU	NextSeq	"T. thermophila Whole Genome DNA"
Anc-10-B_S2_L001_R2_001.fastq.gz	Anc-10-B_S2_L001	HNCFLBGXX.1.GTGGCC	Anc-10-B	Anc-10-B	2016-01-19	DNASU	NextSeq	"T. thermophila Whole Genome DNA"
Anc-10-B_S2_L002_R1_001.fastq.gz	Anc-10-B_S2_L002	HNCFLBGXX.2.GTGGCC	Anc-10-B	Anc-10-B	2016-01-19	DNASU	NextSeq	"T. thermophila Whole Genome DNA"
Anc-10-B_S2_L002_R2_001.fastq.gz	Anc-10-B_S2_L002	HNCFLBGXX.2.GTGGCC	Anc-10-B	Anc-10-B	2016-01-19	DNASU	NextSeq	"T. thermophila Whole Genome DNA"
Anc-10-B_S2_L003_R1_001.fastq.gz	Anc-10-B_S2_L003	HNCFLBGXX.3.GTGGCC	Anc-10-B	Anc-10-B	2016-01-19	DNASU	NextSeq	"T. thermophila Whole Genome DNA"
Anc-10-B_S2_L003_R2_001.fastq.gz	Anc-10-B_S2_L003	HNCFLBGXX.3.GTGGCC	Anc-10-B	Anc-10-B	2016-01-19	DNASU	NextSeq	"T. thermophila Whole Genome DNA"
Anc-10-B_S2_L004_R1_001.fastq.gz	Anc-10-B_S2_L004	HNCFLBGXX.4.GTGGCC	Anc-10-B	Anc-10-B	2016-01-19	DNASU	NextSeq	"T. thermophila Whole Genome DNA"
Anc-10-B_S2_L004_R2_001.fastq.gz	Anc-10-B_S2_L004	HNCFLBGXX.4.GTGGCC	Anc-10-B	Anc-10-B	2016-01-19	DNASU	NextSeq	"T. thermophila Whole Genome DNA"
Anc-11-A_S3_L001_R1_001.fastq.gz	Anc-11-A_S3_L001	HNCFLBGXX.1.GTTTCG	Anc-11-A	Anc-11-A	2016-01-19	DNASU	NextSeq	"T. thermophila Whole Genome DNA"
Anc-11-A_S3_L001_R2_001.fastq.gz	Anc-11-A_S3_L001	HNCFLBGXX.1.GTTTCG	Anc-11-A	Anc-11-A	2016-01-19	DNASU	NextSeq	"T. thermophila Whole Genome DNA"
Anc-11-A_S3_L002_R1_001.fastq.gz	Anc-11-A_S3_L002	HNCFLBGXX.2.GTTTCG	Anc-11-A	Anc-11-A	2016-01-19	DNASU	NextSeq	"T. thermophila Whole Genome DNA"
Anc-11-A_S3_L002_R2_001.fastq.gz	Anc-11-A_S3_L002	HNCFLBGXX.2.GTTTCG	Anc-11-A	Anc-11-A	2016-01-19	DNASU	NextSeq	"T. thermophila Whole Genome DNA"
Anc-11-A_S3_L003_R1_001.fastq.gz	Anc-11-A_S3_L003	HNCFLBGXX.3.GTTTCG	Anc-11-A	Anc-11-A	2016-01-19	DNASU	NextSeq	"T. thermophila Whole Genome DNA"
Anc-11-A_S3_L003_R2_001.fastq.gz	Anc-11-A_S3_L003	HNCFLBGXX.3.GTTTCG	Anc-11-A	Anc-11-A	2016-01-19	DNASU	NextSeq	"T. thermophila Whole Genome DNA"
Anc-11-A_S3_L004_R1_001.fastq.gz	Anc-11-A_S3_L004	HNCFLBGXX.4.GTTTCG	Anc-11-A	Anc-11-A	2016-01-19	DNASU	NextSeq	"T. thermophila Whole Genome DNA"
Anc-11-A_S3_L004_R2_001.fastq.gz	Anc-11-A_S3_L004	HNCFLBGXX.4.GTTTCG	Anc-11-A	Anc-11-A	2016-01-19	DNASU	NextSeq	"T. thermophila Whole Genome DNA"
Anc-11-B_S4_L001_R1_001.fastq.gz	Anc-11-B_S4_L001	HNCFLBGXX.1.CGTACG	Anc-11-B	Anc-11-B	2016-01-19	DNASU	NextSeq	"T. thermophila Whole Genome DNA"
Anc-11-B_S4_L001_R2_001.fastq.gz	Anc-11-B_S4_L001	HNCFLBGXX.1.CGTACG	Anc-11-B	Anc-11-B	2016-01-19	DNASU	NextSeq	"T. thermophila Whole Genome DNA"
Anc-11-B_S4_L002_R1_001.fastq.gz	Anc-11-B_S4_L002	HNCFLBGXX.2.CGTACG	Anc-11-B	Anc-11-B	2016-01-19	DNASU	NextSeq	"T. thermophila Whole Genome DNA"
Anc-11-B_S4_L002_R2_001.fastq.gz	Anc-11-B_S4_L002	HNCFLBGXX.2.CGTACG	Anc-11-B	Anc-11-B	2016-01-19	DNASU	NextSeq	"T. thermophila Whole Genome DNA"
Anc-11-B_S4_L003_R1_001.fastq.gz	Anc-11-B_S4_L003	HNCFLBGXX.3.CGTACG	Anc-11-B	Anc-11-B	2016-01-19	DNASU	NextSeq	"T. thermophila Whole Genome DNA"
Anc-11-B_S4_L003_R2_001.fastq.gz	Anc-11-B_S4_L003	HNCFLBGXX.3.CGTACG	Anc-11-B	Anc-11-B	2016-01-19	DNASU	NextSeq	"T. thermophila Whole Genome DNA"
Anc-11-B_S4_L004_R1_001.fastq.gz	Anc-11-B_S4_L004	HNCFLBGXX.4.CGTACG	Anc-11-B	Anc-11-B	2016-01-19	DNASU	NextSeq	"T. thermophila Whole Genome DNA"
Anc-11-B_S4_L004_R2_001.fastq.gz	Anc-11-B_S4_L004	HNCFLBGXX.4.CGTACG	Anc-11-B	Anc-11-B	2016-01-19	DNASU	NextSeq	"T. thermophila Whole Genome DNA"
Anc-12-A_S5_L001_R1_001.fastq.gz	Anc-12-A_S5_L001	HNCFLBGXX.1.GAGTGG	Anc-12-A	Anc-12-A	2016-01-19	DNASU	NextSeq	"T. thermophila Whole Genome DNA"
Anc-12-A_S5_L001_R2_001.fastq.gz	Anc-12-A_S5_L001	HNCFLBGXX.1.GAGTGG	Anc-12-A	Anc-12-A	2016-01-19	DNASU	NextSeq	"T. thermophila Whole Genome DNA"
Anc-12-A_S5_L002_R1_001.fastq.gz	Anc-12-A_S5_L002	HNCFLBGXX.2.GAGTGG	Anc-12-A	Anc-12-A	2016-01-19	DNASU	NextSeq	"T. thermophila Whole Genome DNA"
Anc-12-A_S5_L002_R2_001.fastq.gz	Anc-12-A_S5_L002	HNCFLBGXX.2.GAGTGG	Anc-12-A	Anc-12-A	2016-01-19	DNASU	NextSeq	"T. thermophila Whole Genome DNA"
Anc-12-A_S5_L003_R1_001.fastq.gz	Anc-12-A_S5_L003	HNCFLBGXX.3.GAGTGG	Anc-12-A	Anc-12-A	2016-01-19	DNASU	NextSeq	"T. thermophila Whole Genome DNA"
Anc-12-A_S5_L003_R2_001.fastq.gz	Anc-12-A_S5_L003	HNCFLBGXX.3.GAGTGG	Anc-12-A	Anc-12-A	2016-01-19	DNASU	NextSeq	"T. thermophila Whole Genome DNA"
Anc-12-A_S5_L004_R1_001.fastq.gz	Anc-12-A_S5_L004	HNCFLBGXX.4.GAGTGG	Anc-12-A	Anc-12-A	2016-01-19	DNASU	NextSeq	"T. thermophila Whole Genome DNA"
Anc-12-A_S5_L004_R2_001.fastq.gz	Anc-12-A_S5_L004	HNCFLBGXX.4.GAGTGG	Anc-12-A	Anc-12-A	2016-01-19	DNASU	NextSeq	"T. thermophila Whole Genome DNA"
Anc-12-B_S6_L001_R1_001.fastq.gz	Anc-12-B_S6_L001	HNCFLBGXX.1.GGTAGC	Anc-12-B	Anc-12-B	2016-01-19	DNASU	NextSeq	"T. thermophila Whole Genome DNA"
Anc-12-B_S6_L001_R2_001.fastq.gz	Anc-12-B_S6_L001	HNCFLBGXX.1.GGTAGC	Anc-12-B	Anc-12-B	2016-01-19	DNASU	NextSeq	"T. thermophila Whole Genome DNA"
Anc-12-B_S6_L002_R1_001.fastq.gz	Anc-12-B_S6_L002	HNCFLBGXX.2.GGTAGC	Anc-12-B	Anc-12-B	2016-01-19	DNASU	NextSeq	"T. thermophila Whole Genome DNA"
Anc-12-B_S6_L002_R2_001.fastq.gz	Anc-12-B_S6_L002	HNCFLBGXX.2.GGTAGC	Anc-12-B	Anc-12-B	2016-01-19	DNASU	NextSeq	"T. thermophila Whole Genome DNA"
Anc-12-B_S6_L003_R1_001.fastq.gz	Anc-12-B_S6_L003	HNCFLBGXX.3.GGTAGC	Anc-12-B	Anc-12-B	2016-01-19	DNASU	NextSeq	"T. thermophila Whole Genome DNA"
Anc-12-B_S6_L003_R2_001.fastq.gz	Anc-12-B_S6_L003	HNCFLBGXX.3.GGTAGC	Anc-12-B	Anc-12-B	2016-01-19	DNASU	NextSeq	"T. thermophila Whole Genome DNA"
Anc-12-B_S6_L004_R1_001.fastq.gz	Anc-12-B_S6_L004	HNCFLBGXX.4.GGTAGC	Anc-12-B	Anc-12-B	2016-01-19	DNASU	NextSeq	"T. thermophila Whole Genome DNA"
Anc-12-B_S6_L004_R2_001.fastq.gz	Anc-12-B_S6_L004	HNCFLBGXX.4.GGTAGC	Anc-12-B	Anc-12-B	2016-01-19	DNASU	NextSeq	"T. thermophila Whole Genome DNA"
Anc-13-A_S7_L001_R1_001.fastq.gz	Anc-13-A_S7_L001	HNCFLBGXX.1.ACTGAT	Anc-13-A	Anc-13-A	2016-01-19	DNASU	NextSeq	"T. thermophila Whole Genome DNA"
Anc-13-A_S7_L001_R2_001.fastq.gz	Anc-13-A_S7_L001	HNCFLBGXX.1.ACTGAT	Anc-13-A	Anc-13-A	2016-01-19	DNASU	NextSeq	"T. thermophila Whole Genome DNA"
Anc-13-A_S7_L002_R1_001.fastq.gz	Anc-13-A_S7_L002	HNCFLBGXX.2.ACTGAT	Anc-13-A	Anc-13-A	2016-01-19	DNASU	NextSeq	"T. thermophila Whole Genome DNA"
Anc-13-A_S7_L002_R2_001.fastq.gz	Anc-13-A_S7_L002	HNCFLBGXX.2.ACTGAT	Anc-13-A	Anc-13-A	2016-01-19	DNASU	NextSeq	"T. thermophila Whole Genome DNA"
Anc-13-A_S7_L003_R1_001.fastq.gz	Anc-13-A_S7_L003	HNCFLBGXX.3.ACTGAT	Anc-13-A	Anc-13-A	2016-01-19	DNASU	NextSeq	"T. thermophila Whole Genome DNA"
Anc-13-A_S7_L003_R2_001.fastq.gz	Anc-13-A_S7_L003	HNCFLBGXX.3.ACTGAT	Anc-13-A	Anc-13-A	2016-01-19	DNASU	NextSeq	"T. thermophila Whole Genome DNA"
Anc-13-A_S7_L004_R1_001.fastq.gz	Anc-13-A_S7_L004	HNCFLBGXX.4.ACTGAT	Anc-13-A	Anc-13-A	2016-01-19	DNASU	NextSeq	"T. thermophila Whole Genome DNA"
Anc-13-A_S7_L004_R2_001.fastq.gz	Anc-13-A_S7_L004	HNCFLBGXX.4.ACTGAT	Anc-13-A	Anc-13-A	2016-01-19	DNASU	NextSeq	"T. thermophila Whole Genome DNA"
Anc-13-B_S8_L001_R1_001.fastq.gz	Anc-13-B_S8_L001	HNCFLBGXX.1.ATGAGC	Anc-13-B	Anc-13-B	2016-01-19	DNASU	NextSeq	"T. thermophila Whole Genome DNA"
Anc-13-B_S8_L001_R2_001.fastq.gz	Anc-13-B_S8_L001	HNCFLBGXX.1.ATGAGC	Anc-13-B	Anc-13-B	2016-01-19	DNASU	NextSeq	"T. thermophila Whole Genome DNA"
Anc-13-B_S8_L002_R1_001.fastq.gz	Anc-13-B_S8_L002	HNCFLBGXX.2.ATGAGC	Anc-13-B	Anc-13-B	2016-01-19	DNASU	NextSeq	"T. thermophila Whole Genome DNA"
Anc-13-B_S8_L002_R2_001.fastq.gz	Anc-13-B_S8_L002	HNCFLBGXX.2.ATGAGC	Anc-13-B	Anc-13-B	2016-01-19	DNASU	NextSeq	"T. thermophila Whole Genome DNA"
Anc-13-B_S8_L003_R1_001.fastq.gz	Anc-13-B_S8_L003	HNCFLBGXX.3.ATGAGC	Anc-13-B	Anc-13-B	2016-01-19	DNASU	NextSeq	"T. thermophila Whole Genome DNA"
Anc-13-B_S8_L003_R2_001.fastq.gz	Anc-13-B_S8_L003	HNCFLBGXX.3.ATGAGC	Anc-13-B	Anc-13-B	2016-01-19	DNASU	NextSeq	"T. thermophila Whole Genome DNA"
Anc-13-B_S8_L004_R1_001.fastq.gz	Anc-13-B_S8_L004	HNCFLBGXX.4.ATGAGC	Anc-13-B	Anc-13-B	2016-01-19	DNASU	NextSeq	"T. thermophila Whole Genome DNA"
Anc-13-B_S8_L004_R2_001.fastq.gz	Anc-13-B_S8_L004	HNCFLBGXX.4.ATGAGC	Anc-13-B	Anc-13-B	2016-01-19	DNASU	NextSeq	"T. thermophila Whole Genome DNA"
Anc-14-A_S9_L001_R1_001.fastq.gz	Anc-14-A_S9_L001	HNCFLBGXX.1.ATTCCT	Anc-14-A	Anc-14-A	2016-01-19	DNASU	NextSeq	"T. thermophila Whole Genome DNA"
Anc-14-A_S9_L001_R2_001.fastq.gz	Anc-14-A_S9_L001	HNCFLBGXX.1.ATTCCT	Anc-14-A	Anc-14-A	2016-01-19	DNASU	NextSeq	"T. thermophila Whole Genome DNA"
Anc-14-A_S9_L002_R1_001.fastq.gz	Anc-14-A_S9_L002	HNCFLBGXX.2.ATTCCT	Anc-14-A	Anc-14-A	2016-01-19	DNASU	NextSeq	"T. thermophila Whole Genome DNA"
Anc-14-A_S9_L002_R2_001.fastq.gz	Anc-14-A_S9_L002	HNCFLBGXX.2.ATTCCT	Anc-14-A	Anc-14-A	2016-01-19	DNASU	NextSeq	"T. thermophila Whole Genome DNA"
Anc-14-A_S9_L003_R1_001.fastq.gz	Anc-14-A_S9_L003	HNCFLBGXX.3.ATTCCT	Anc-14-A	Anc-14-A	2016-01-19	DNASU	NextSeq	"T. thermophila Whole Genome DNA"
Anc-14-A_S9_L003_R2_001.fastq.gz	Anc-14-A_S9_L003	HNCFLBGXX.3.ATTCCT	Anc-14-A	Anc-14-A	2016-01-19	DNASU	NextSeq	"T. thermophila Whole Genome DNA"
Anc-14-A_S9_L004_R1_001.fastq.gz	Anc-14-A_S9_L004	HNCFLBGXX.4.ATTCCT	Anc-14-A	Anc-14-A	2016-01-19	DNASU	NextSeq	"T. thermophila Whole Genome DNA"
Anc-14-A_S9_L004_R2_001.fastq.gz	Anc-14-A_S9_L004	HNCFLBGXX.4.ATTCCT	Anc-14-A	Anc-14-A	2016-01-19	DNASU	NextSeq	"T. thermophila Whole Genome DNA"
Anc-14-B_S10_L001_R1_001.fastq.gz	Anc-14-B_S10_L001	HNCFLBGXX.1.CAAAAG	Anc-14-B	Anc-14-B	2016-01-19	DNASU	NextSeq	"T. thermophila Whole Genome DNA"
Anc-14-B_S10_L001_R2_001.fastq.gz	Anc-14-B_S10_L001	HNCFLBGXX.1.CAAAAG	Anc-14-B	Anc-14-B	2016-01-19	DNASU	NextSeq	"T. thermophila Whole Genome DNA"
Anc-14-B_S10_L002_R1_001.fastq.gz	Anc-14-B_S10_L002	HNCFLBGXX.2.CAAAAG	Anc-14-B	Anc-14-B	2016-01-19	DNASU	NextSeq	"T. thermophila Whole Genome DNA"
Anc-14-B_S10_L002_R2_001.fastq.gz	Anc-14-B_S10_L002	HNCFLBGXX.2.CAAAAG	Anc-14-B	Anc-14-B	2016-01-19	DNASU	NextSeq	"T. thermophila Whole Genome DNA"
Anc-14-B_S10_L003_R1_001.fastq.gz	Anc-14-B_S10_L003	HNCFLBGXX.3.CAAAAG	Anc-14-B	Anc-14-B	2016-01-19	DNASU	NextSeq	"T. thermophila Whole Genome DNA"
Anc-14-B_S10_L003_R2_001.fastq.gz	Anc-14-B_S10_L003	HNCFLBGXX.3.CAAAAG	Anc-14-B	Anc-14-B	2016-01-19	DNASU	NextSeq	"T. thermophila Whole Genome DNA"
Anc-14-B_S10_L004_R1_001.fastq.gz	Anc-14-B_S10_L004	HNCFLBGXX.4.CAAAAG	Anc-14-B	Anc-14-B	2016-01-19	DNASU	NextSeq	"T. thermophila Whole Genome DNA"
Anc-14-B_S10_L004_R2_001.fastq.gz	Anc-14-B_S10_L004	HNCFLBGXX.4.CAAAAG	Anc-14-B	Anc-14-B	2016-01-19	DNASU	NextSeq	"T. thermophila Whole Genome DNA"
Anc-15-A_S11_L001_R1_001.fastq.gz	Anc-15-A_S11_L001	HNCFLBGXX.1.CAACTA	Anc-15-A	Anc-15-A	2016-01-19	DNASU	NextSeq	"T. thermophila Whole Genome DNA"
Anc-15-A_S11_L001_R2_001.fastq.gz	Anc-15-A_S11_L001	HNCFLBGXX.1.CAACTA	Anc-15-A	Anc-15-A	2016-01-19	DNASU	NextSeq	"T. thermophila Whole Genome DNA"
Anc-15-A_S11_L002_R1_001.fastq.gz	Anc-15-A_S11_L002	HNCFLBGXX.2.CAACTA	Anc-15-A	Anc-15-A	2016-01-19	DNASU	NextSeq	"T. thermophila Whole Genome DNA"
Anc-15-A_S11_L002_R2_001.fastq.gz	Anc-15-A_S11_L002	HNCFLBGXX.2.CAACTA	Anc-15-A	Anc-15-A	2016-01-19	DNASU	NextSeq	"T. thermophila Whole Genome DNA"
Anc-15-A_S11_L003_R1_001.fastq.gz	Anc-15-A_S11_L003	HNCFLBGXX.3.CAACTA	Anc-15-A	Anc-15-A	2016-01-19	DNASU	NextSeq	"T. thermophila Whole Genome DNA"
Anc-15-A_S11_L003_R2_001.fastq.gz	Anc-15-A_S11_L003	HNCFLBGXX.3.CAACTA	Anc-15-A	Anc-15-A	2016-01-19	DNASU	NextSeq	"T. thermophila Whole Genome DNA"
Anc-15-A_S11_L004_R1_001.fastq.gz	Anc-15-A_S11_L004	HNCFLBGXX.4.CAACTA	Anc-15-A	Anc-15-A	2016-01-19	DNASU	NextSeq	"T. thermophila Whole Genome DNA"
Anc-15-A_S11_L004_R2_001.fastq.gz	Anc-15-A_S11_L004	HNCFLBGXX.4.CAACTA	Anc-15-A	Anc-15-A	2016-01-19	DNASU	NextSeq	"T. thermophila Whole Genome DNA"
Anc-15-B_S12_L001_R1_001.fastq.gz	Anc-15-B_S12_L001	HNCFLBGXX.1.CACCGG	Anc-15-B	Anc-15-B	2016-01-19	DNASU	NextSeq	"T. thermophila Whole Genome DNA"
Anc-15-B_S12_L001_R2_001.fastq.gz	Anc-15-B_S12_L001	HNCFLBGXX.1.CACCGG	Anc-15-B	Anc-15-B	2016-01-19	DNASU	NextSeq	"T. thermophila Whole Genome DNA"
Anc-15-B_S12_L002_R1_001.fastq.gz	Anc-15-B_S12_L002	HNCFLBGXX.2.CACCGG	Anc-15-B	Anc-15-B	2016-01-19	DNASU	NextSeq	"T. thermophila Whole Genome DNA"
Anc-15-B_S12_L002_R2_001.fastq.gz	Anc-15-B_S12_L002	HNCFLBGXX.2.CACCGG	Anc-15-B	Anc-15-B	2016-01-19	DNASU	NextSeq	"T. thermophila Whole Genome DNA"
Anc-15-B_S12_L003_R1_001.fastq.gz	Anc-15-B_S12_L003	HNCFLBGXX.3.CACCGG	Anc-15-B	Anc-15-B	2016-01-19	DNASU	NextSeq	"T. thermophila Whole Genome DNA"
Anc-15-B_S12_L003_R2_001.fastq.gz	Anc-15-B_S12_L003	HNCFLBGXX.3.CACCGG	Anc-15-B	Anc-15-B	2016-01-19	DNASU	NextSeq	"T. thermophila Whole Genome DNA"
Anc-15-B_S12_L004_R1_001.fastq.gz	Anc-15-B_S12_L004	HNCFLBGXX.4.CACCGG	Anc-15-B	Anc-15-B	2016-01-19	DNASU	NextSeq	"T. thermophila Whole Genome DNA"
Anc-15-B_S12_L004_R2_001.fastq.gz	Anc-15-B_S12_L004	HNCFLBGXX.4.CACCGG	Anc-15-B	Anc-15-B	2016-01-19	DNASU	NextSeq	"T. thermophila Whole Genome DNA"
Anc-16-A_S13_L001_R1_001.fastq.gz	Anc-16-A_S13_L001	HNCFLBGXX.1.CACGAT	Anc-16-A	Anc-16-A	2016-01-19	DNASU	NextSeq	"T. thermophila Whole Genome DNA"
Anc-16-A_S13_L001_R2_001.fastq.gz	Anc-16-A_S13_L001	HNCFLBGXX.1.CACGAT	Anc-16-A	Anc-16-A	2016-01-19	DNASU	NextSeq	"T. thermophila Whole Genome DNA"
Anc-16-A_S13_L002_R1_001.fastq.gz	Anc-16-A_S13_L002	HNCFLBGXX.2.CACGAT	Anc-16-A	Anc-16-A	2016-01-19	DNASU	NextSeq	"T. thermophila Whole Genome DNA"
Anc-16-A_S13_L002_R2_001.fastq.gz	Anc-16-A_S13_L002	HNCFLBGXX.2.CACGAT	Anc-16-A	Anc-16-A	2016-01-19	DNASU	NextSeq	"T. thermophila Whole Genome DNA"
Anc-16-A_S13_L003_R1_001.fastq.gz	Anc-16-A_S13_L003	HNCFLBGXX.3.CACGAT	Anc-16-A	Anc-16-A	2016-01-19	DNASU	NextSeq	"T. thermophila Whole Genome DNA"
Anc-16-A_S13_L003_R2_001.fastq.gz	Anc-16-A_S13_L003	HNCFLBGXX.3.CACGAT	Anc-16-A	Anc-16-A	2016-01-19	DNASU	NextSeq	"T. thermophila Whole Genome DNA"
Anc-16-A_S13_L004_R1_001.fastq.gz	Anc-16-A_S13_L004	HNCFLBGXX.4.CACGAT	Anc-16-A	Anc-16-A	2016-01-19	DNASU	NextSeq	"T. thermophila Whole Genome DNA"
Anc-16-A_S13_L004_R2_001.fastq.gz	Anc-16-A_S13_L004	HNCFLBGXX.4.CACGAT	Anc-16-A	Anc-16-A	2016-01-19	DNASU	NextSeq	"T. thermophila Whole Genome DNA"
Anc-16-B_S14_L001_R1_001.fastq.gz	Anc-16-B_S14_L001	HNCFLBGXX.1.CACTCA	Anc-16-B	Anc-16-B	2016-01-19	DNASU	NextSeq	"T. thermophila Whole Genome DNA"
Anc-16-B_S14_L001_R2_001.fastq.gz	Anc-16-B_S14_L001	HNCFLBGXX.1.CACTCA	Anc-16-B	Anc-16-B	2016-01-19	DNASU	NextSeq	"T. thermophila Whole Genome DNA"
Anc-16-B_S14_L002_R1_001.fastq.gz	Anc-16-B_S14_L002	HNCFLBGXX.2.CACTCA	Anc-16-B	Anc-16-B	2016-01-19	DNASU	NextSeq	"T. thermophila Whole Genome DNA"
Anc-16-B_S14_L002_R2_001.fastq.gz	Anc-16-B_S14_L002	HNCFLBGXX.2.CACTCA	Anc-16-B	Anc-16-B	2016-01-19	DNASU	NextSeq	"T. thermophila Whole Genome DNA"
Anc-16-B_S14_L003_R1_001.fastq.gz	Anc-16-B_S14_L003	HNCFLBGXX.3.CACTCA	Anc-16-B	Anc-16-B	2016-01-19	DNASU	NextSeq	"T. thermophila Whole Genome DNA"
Anc-16-B_S14_L003_R2_001.fastq.gz	Anc-16-B_S14_L003	HNCFLBGXX.3.CACTCA	Anc-16-B	Anc-16-B	2016-01-19	DNASU	NextSeq	"T. thermophila Whole Genome DNA"
Anc-16-B_S14_L004_R1_001.fastq.gz	Anc-16-B_S14_L004	HNCFLBGXX.4.CACTCA	Anc-16-B	Anc-16-B	2016-01-19	DNASU	NextSeq	"T. thermophila Whole Genome DNA"
Anc-16-B_S14_L004_R2_001.fastq.gz	Anc-16-B_S14_L004	HNCFLBGXX.4.CACTCA	Anc-16-B	Anc-16-B	2016-01-19	DNASU	NextSeq	"T. thermophila Whole Genome DNA"
Anc-17-A_S15_L001_R1_001.fastq.gz	Anc-17-A_S15_L001	HNCFLBGXX.1.CAGGCG	Anc-17-A	Anc-17-A	2016-01-19	DNASU	NextSeq	"T. thermophila Whole Genome DNA"
Anc-17-A_S15_L001_R2_001.fastq.gz	Anc-17-A_S15_L001	HNCFLBGXX.1.CAGGCG	Anc-17-A	Anc-17-A	2016-01-19	DNASU	NextSeq	"T. thermophila Whole Genome DNA"
Anc-17-A_S15_L002_R1_001.fastq.gz	Anc-17-A_S15_L002	HNCFLBGXX.2.CAGGCG	Anc-17-A	Anc-17-A	2016-01-19	DNASU	NextSeq	"T. thermophila Whole Genome DNA"
Anc-17-A_S15_L002_R2_001.fastq.gz	Anc-17-A_S15_L002	HNCFLBGXX.2.CAGGCG	Anc-17-A	Anc-17-A	2016-01-19	DNASU	NextSeq	"T. thermophila Whole Genome DNA"
Anc-17-A_S15_L003_R1_001.fastq.gz	Anc-17-A_S15_L003	HNCFLBGXX.3.CAGGCG	Anc-17-A	Anc-17-A	2016-01-19	DNASU	NextSeq	"T. thermophila Whole Genome DNA"
Anc-17-A_S15_L003_R2_001.fastq.gz	Anc-17-A_S15_L003	HNCFLBGXX.3.CAGGCG	Anc-17-A	Anc-17-A	2016-01-19	DNASU	NextSeq	"T. thermophila Whole Genome DNA"
Anc-17-A_S15_L004_R1_001.fastq.gz	Anc-17-A_S15_L004	HNCFLBGXX.4.CAGGCG	Anc-17-A	Anc-17-A	2016-01-19	DNASU	NextSeq	"T. thermophila Whole Genome DNA"
Anc-17-A_S15_L004_R2_001.fastq.gz	Anc-17-A_S15_L004	HNCFLBGXX.4.CAGGCG	Anc-17-A	Anc-17-A	2016-01-19	DNASU	NextSeq	"T. thermophila Whole Genome DNA"
Anc-17-B_S16_L001_R1_001.fastq.gz	Anc-17-B_S16_L001	HNCFLBGXX.1.CATGGC	Anc-17-B	Anc-17-B	2016-01-19	DNASU	NextSeq	"T. thermophila Whole Genome DNA"
Anc-17-B_S16_L001_R2_001.fastq.gz	Anc-17-B_S16_L001	HNCFLBGXX.1.CATGGC	Anc-17-B	Anc-17-B	2016-01-19	DNASU	NextSeq	"T. thermophila Whole Genome DNA"
Anc-17-B_S16_L002_R1_001.fastq.gz	Anc-17-B_S16_L002	HNCFLBGXX.2.CATGGC	Anc-17-B	Anc-17-B	2016-01-19	DNASU	NextSeq	"T. thermophila Whole Genome DNA"
Anc-17-B_S16_L002_R2_001.fastq.gz	Anc-17-B_S16_L002	HNCFLBGXX.2.CATGGC	Anc-17-B	Anc-17-B	2016-01-19	DNASU	NextSeq	"T. thermophila Whole Genome DNA"
Anc-17-B_S16_L003_R1_001.fastq.gz	Anc-17-B_S16_L003	HNCFLBGXX.3.CATGGC	Anc-17-B	Anc-17-B	2016-01-19	DNASU	NextSeq	"T. thermophila Whole Genome DNA"
Anc-17-B_S16_L003_R2_001.fastq.gz	Anc-17-B_S16_L003	HNCFLBGXX.3.CATGGC	Anc-17-B	Anc-17-B	2016-01-19	DNASU	NextSeq	"T. thermophila Whole Genome DNA"
Anc-17-B_S16_L004_R1_001.fastq.gz	Anc-17-B_S16_L004	HNCFLBGXX.4.CATGGC	Anc-17-B	Anc-17-B	2016-01-19	DNASU	NextSeq	"T. thermophila Whole Genome DNA"
Anc-17-B_S16_L004_R2_001.fastq.gz	Anc-17-B_S16_L004	HNCFLBGXX.4.CATGGC	Anc-17-B	Anc-17-B	2016-01-19	DNASU	NextSeq	"T. thermophila Whole Genome DNA"
Anc-18-A_S17_L001_R1_001.fastq.gz	Anc-18-A_S17_L001	HNCFLBGXX.1.CATTTT	Anc-18-A	Anc-18-A	2016-01-19	DNASU	NextSeq	"T. thermophila Whole Genome DNA"
Anc-18-A_S17_L001_R2_001.fastq.gz	Anc-18-A_S17_L001	HNCFLBGXX.1.CATTTT	Anc-18-A	Anc-18-A	2016-01-19	DNASU	NextSeq	"T. thermophila Whole Genome DNA"
Anc-18-A_S17_L002_R1_001.fastq.gz	Anc-18-A_S17_L002	HNCFLBGXX.2.CATTTT	Anc-18-A	Anc-18-A	2016-01-19	DNASU	NextSeq	"T. thermophila Whole Genome DNA"
Anc-18-A_S17_L002_R2_001.fastq.gz	Anc-18-A_S17_L002	HNCFLBGXX.2.CATTTT	Anc-18-A	Anc-18-A	2016-01-19	DNASU	NextSeq	"T. thermophila Whole Genome DNA"
Anc-18-A_S17_L003_R1_001.fastq.gz	Anc-18-A_S17_L003	HNCFLBGXX.3.CATTTT	Anc-18-A	Anc-18-A	2016-01-19	DNASU	NextSeq	"T. thermophila Whole Genome DNA"
Anc-18-A_S17_L003_R2_001.fastq.gz	Anc-18-A_S17_L003	HNCFLBGXX.3.CATTTT	Anc-18-A	Anc-18-A	2016-01-19	DNASU	NextSeq	"T. thermophila Whole Genome DNA"
Anc-18-A_S17_L004_R1_001.fastq.gz	Anc-18-A_S17_L004	HNCFLBGXX.4.CATTTT	Anc-18-A	Anc-18-A	2016-01-19	DNASU	NextSeq	"T. thermophila Whole Genome DNA"
Anc-18-A_S17_L004_R2_001.fastq.gz	Anc-18-A_S17_L004	HNCFLBGXX.4.CATTTT	Anc-18-A	Anc-18-A	2016-01-19	DNASU	NextSeq	"T. thermophila Whole Genome DNA"
Anc-18-B_S18_L001_R1_001.fastq.gz	Anc-18-B_S18_L001	HNCFLBGXX.1.CCAACA	Anc-18-B	Anc-18-B	2016-01-19	DNASU	NextSeq	"T. thermophila Whole Genome DNA"
Anc-18-B_S18_L001_R2_001.fastq.gz	Anc-18-B_S18_L001	HNCFLBGXX.1.CCAACA	Anc-18-B	Anc-18-B	2016-01-19	DNASU	NextSeq	"T. thermophila Whole Genome DNA"
Anc-18-B_S18_L002_R1_001.fastq.gz	Anc-18-B_S18_L002	HNCFLBGXX.2.CCAACA	Anc-18-B	Anc-18-B	2016-01-19	DNASU	NextSeq	"T. thermophila Whole Genome DNA"
Anc-18-B_S18_L002_R2_001.fastq.gz	Anc-18-B_S18_L002	HNCFLBGXX.2.CCAACA	Anc-18-B	Anc-18-B	2016-01-19	DNASU	NextSeq	"T. thermophila Whole Genome DNA"
Anc-18-B_S18_L003_R1_001.fastq.gz	Anc-18-B_S18_L003	HNCFLBGXX.3.CCAACA	Anc-18-B	Anc-18-B	2016-01-19	DNASU	NextSeq	"T. thermophila Whole Genome DNA"
Anc-18-B_S18_L003_R2_001.fastq.gz	Anc-18-B_S18_L003	HNCFLBGXX.3.CCAACA	Anc-18-B	Anc-18-B	2016-01-19	DNASU	NextSeq	"T. thermophila Whole Genome DNA"
Anc-18-B_S18_L004_R1_001.fastq.gz	Anc-18-B_S18_L004	HNCFLBGXX.4.CCAACA	Anc-18-B	Anc-18-B	2016-01-19	DNASU	NextSeq	"T. thermophila Whole Genome DNA"
Anc-18-B_S18_L004_R2_001.fastq.gz	Anc-18-B_S18_L004	HNCFLBGXX.4.CCAACA	Anc-18-B	Anc-18-B	2016-01-19	DNASU	NextSeq	"T. thermophila Whole Genome DNA"
Anc-19-A_S19_L001_R1_001.fastq.gz	Anc-19-A_S19_L001	HNCFLBGXX.1.CGGAAT	Anc-19-A	Anc-19-A	2016-01-19	DNASU	NextSeq	"T. thermophila Whole Genome DNA"
Anc-19-A_S19_L001_R2_001.fastq.gz	Anc-19-A_S19_L001	HNCFLBGXX.1.CGGAAT	Anc-19-A	Anc-19-A	2016-01-19	DNASU	NextSeq	"T. thermophila Whole Genome DNA"
Anc-19-A_S19_L002_R1_001.fastq.gz	Anc-19-A_S19_L002	HNCFLBGXX.2.CGGAAT	Anc-19-A	Anc-19-A	2016-01-19	DNASU	NextSeq	"T. thermophila Whole Genome DNA"
Anc-19-A_S19_L002_R2_001.fastq.gz	Anc-19-A_S19_L002	HNCFLBGXX.2.CGGAAT	Anc-19-A	Anc-19-A	2016-01-19	DNASU	NextSeq	"T. thermophila Whole Genome DNA"
Anc-19-A_S19_L003_R1_001.fastq.gz	Anc-19-A_S19_L003	HNCFLBGXX.3.CGGAAT	Anc-19-A	Anc-19-A	2016-01-19	DNASU	NextSeq	"T. thermophila Whole Genome DNA"
Anc-19-A_S19_L003_R2_001.fastq.gz	Anc-19-A_S19_L003	HNCFLBGXX.3.CGGAAT	Anc-19-A	Anc-19-A	2016-01-19	DNASU	NextSeq	"T. thermophila Whole Genome DNA"
Anc-19-A_S19_L004_R1_001.fastq.gz	Anc-19-A_S19_L004	HNCFLBGXX.4.CGGAAT	Anc-19-A	Anc-19-A	2016-01-19	DNASU	NextSeq	"T. thermophila Whole Genome DNA"
Anc-19-A_S19_L004_R2_001.fastq.gz	Anc-19-A_S19_L004	HNCFLBGXX.4.CGGAAT	Anc-19-A	Anc-19-A	2016-01-19	DNASU	NextSeq	"T. thermophila Whole Genome DNA"
Anc-19-B_S20_L001_R1_001.fastq.gz	Anc-19-B_S20_L001	HNCFLBGXX.1.CTAGCT	Anc-19-B	Anc-19-B	2016-01-19	DNASU	NextSeq	"T. thermophila Whole Genome DNA"
Anc-19-B_S20_L001_R2_001.fastq.gz	Anc-19-B_S20_L001	HNCFLBGXX.1.CTAGCT	Anc-19-B	Anc-19-B	2016-01-19	DNASU	NextSeq	"T. thermophila Whole Genome DNA"
Anc-19-B_S20_L002_R1_001.fastq.gz	Anc-19-B_S20_L002	HNCFLBGXX.2.CTAGCT	Anc-19-B	Anc-19-B	2016-01-19	DNASU	NextSeq	"T. thermophila Whole Genome DNA"
Anc-19-B_S20_L002_R2_001.fastq.gz	Anc-19-B_S20_L002	HNCFLBGXX.2.CTAGCT	Anc-19-B	Anc-19-B	2016-01-19	DNASU	NextSeq	"T. thermophila Whole Genome DNA"
Anc-19-B_S20_L003_R1_001.fastq.gz	Anc-19-B_S20_L003	HNCFLBGXX.3.CTAGCT	Anc-19-B	Anc-19-B	2016-01-19	DNASU	NextSeq	"T. thermophila Whole Genome DNA"
Anc-19-B_S20_L003_R2_001.fastq.gz	Anc-19-B_S20_L003	HNCFLBGXX.3.CTAGCT	Anc-19-B	Anc-19-B	2016-01-19	DNASU	NextSeq	"T. thermophila Whole Genome DNA"
Anc-19-B_S20_L004_R1_001.fastq.gz	Anc-19-B_S20_L004	HNCFLBGXX.4.CTAGCT	Anc-19-B	Anc-19-B	2016-01-19	DNASU	NextSeq	"T. thermophila Whole Genome DNA"
Anc-19-B_S20_L004_R2_001.fastq.gz	Anc-19-B_S20_L004	HNCFLBGXX.4.CTAGCT	Anc-19-B	Anc-19-B	2016-01-19	DNASU	NextSeq	"T. thermophila Whole Genome DNA"
Anc-2-A_S25_L001_R1_001.fastq.gz	Anc-2-A_S25_L001	HNCFLBGXX.1.ACAGTG	Anc-2-A	Anc-2-A	2016-01-19	DNASU	NextSeq	"T. thermophila Whole Genome DNA"
Anc-2-A_S25_L001_R2_001.fastq.gz	Anc-2-A_S25_L001	HNCFLBGXX.1.ACAGTG	Anc-2-A	Anc-2-A	2016-01-19	DNASU	NextSeq	"T. thermophila Whole Genome DNA"
Anc-2-A_S25_L002_R1_001.fastq.gz	Anc-2-A_S25_L002	HNCFLBGXX.2.ACAGTG	Anc-2-A	Anc-2-A	2016-01-19	DNASU	NextSeq	"T. thermophila Whole Genome DNA"
Anc-2-A_S25_L002_R2_001.fastq.gz	Anc-2-A_S25_L002	HNCFLBGXX.2.ACAGTG	Anc-2-A	Anc-2-A	2016-01-19	DNASU	NextSeq	"T. thermophila Whole Genome DNA"
Anc-2-A_S25_L003_R1_001.fastq.gz	Anc-2-A_S25_L003	HNCFLBGXX.3.ACAGTG	Anc-2-A	Anc-2-A	2016-01-19	DNASU	NextSeq	"T. thermophila Whole Genome DNA"
Anc-2-A_S25_L003_R2_001.fastq.gz	Anc-2-A_S25_L003	HNCFLBGXX.3.ACAGTG	Anc-2-A	Anc-2-A	2016-01-19	DNASU	NextSeq	"T. thermophila Whole Genome DNA"
Anc-2-A_S25_L004_R1_001.fastq.gz	Anc-2-A_S25_L004	HNCFLBGXX.4.ACAGTG	Anc-2-A	Anc-2-A	2016-01-19	DNASU	NextSeq	"T. thermophila Whole Genome DNA"
Anc-2-A_S25_L004_R2_001.fastq.gz	Anc-2-A_S25_L004	HNCFLBGXX.4.ACAGTG	Anc-2-A	Anc-2-A	2016-01-19	DNASU	NextSeq	"T. thermophila Whole Genome DNA"
Anc-2-B_S26_L001_R1_001.fastq.gz	Anc-2-B_S26_L001	HNCFLBGXX.1.GCCAAT	Anc-2-B	Anc-2-B	2016-01-19	DNASU	NextSeq	"T. thermophila Whole Genome DNA"
Anc-2-B_S26_L001_R2_001.fastq.gz	Anc-2-B_S26_L001	HNCFLBGXX.1.GCCAAT	Anc-2-B	Anc-2-B	2016-01-19	DNASU	NextSeq	"T. thermophila Whole Genome DNA"
Anc-2-B_S26_L002_R1_001.fastq.gz	Anc-2-B_S26_L002	HNCFLBGXX.2.GCCAAT	Anc-2-B	Anc-2-B	2016-01-19	DNASU	NextSeq	"T. thermophila Whole Genome DNA"
Anc-2-B_S26_L002_R2_001.fastq.gz	Anc-2-B_S26_L002	HNCFLBGXX.2.GCCAAT	Anc-2-B	Anc-2-B	2016-01-19	DNASU	NextSeq	"T. thermophila Whole Genome DNA"
Anc-2-B_S26_L003_R1_001.fastq.gz	Anc-2-B_S26_L003	HNCFLBGXX.3.GCCAAT	Anc-2-B	Anc-2-B	2016-01-19	DNASU	NextSeq	"T. thermophila Whole Genome DNA"
Anc-2-B_S26_L003_R2_001.fastq.gz	Anc-2-B_S26_L003	HNCFLBGXX.3.GCCAAT	Anc-2-B	Anc-2-B	2016-01-19	DNASU	NextSeq	"T. thermophila Whole Genome DNA"
Anc-2-B_S26_L004_R1_001.fastq.gz	Anc-2-B_S26_L004	HNCFLBGXX.4.GCCAAT	Anc-2-B	Anc-2-B	2016-01-19	DNASU	NextSeq	"T. thermophila Whole Genome DNA"
Anc-2-B_S26_L004_R2_001.fastq.gz	Anc-2-B_S26_L004	HNCFLBGXX.4.GCCAAT	Anc-2-B	Anc-2-B	2016-01-19	DNASU	NextSeq	"T. thermophila Whole Genome DNA"
Anc-20-A_S23_L001_R1_001.fastq.gz	Anc-20-A_S23_L001	HNCFLBGXX.1.CTATAC	Anc-20-A	Anc-20-A	2016-01-19	DNASU	NextSeq	"T. thermophila Whole Genome DNA"
Anc-20-A_S23_L001_R2_001.fastq.gz	Anc-20-A_S23_L001	HNCFLBGXX.1.CTATAC	Anc-20-A	Anc-20-A	2016-01-19	DNASU	NextSeq	"T. thermophila Whole Genome DNA"
Anc-20-A_S23_L002_R1_001.fastq.gz	Anc-20-A_S23_L002	HNCFLBGXX.2.CTATAC	Anc-20-A	Anc-20-A	2016-01-19	DNASU	NextSeq	"T. thermophila Whole Genome DNA"
Anc-20-A_S23_L002_R2_001.fastq.gz	Anc-20-A_S23_L002	HNCFLBGXX.2.CTATAC	Anc-20-A	Anc-20-A	2016-01-19	DNASU	NextSeq	"T. thermophila Whole Genome DNA"
Anc-20-A_S23_L003_R1_001.fastq.gz	Anc-20-A_S23_L003	HNCFLBGXX.3.CTATAC	Anc-20-A	Anc-20-A	2016-01-19	DNASU	NextSeq	"T. thermophila Whole Genome DNA"
Anc-20-A_S23_L003_R2_001.fastq.gz	Anc-20-A_S23_L003	HNCFLBGXX.3.CTATAC	Anc-20-A	Anc-20-A	2016-01-19	DNASU	NextSeq	"T. thermophila Whole Genome DNA"
Anc-20-A_S23_L004_R1_001.fastq.gz	Anc-20-A_S23_L004	HNCFLBGXX.4.CTATAC	Anc-20-A	Anc-20-A	2016-01-19	DNASU	NextSeq	"T. thermophila Whole Genome DNA"
Anc-20-A_S23_L004_R2_001.fastq.gz	Anc-20-A_S23_L004	HNCFLBGXX.4.CTATAC	Anc-20-A	Anc-20-A	2016-01-19	DNASU	NextSeq	"T. thermophila Whole Genome DNA"
Anc-20-B_S24_L001_R1_001.fastq.gz	Anc-20-B_S24_L001	HNCFLBGXX.1.CTCAGA	Anc-20-B	Anc-20-B	2016-01-19	DNASU	NextSeq	"T. thermophila Whole Genome DNA"
Anc-20-B_S24_L001_R2_001.fastq.gz	Anc-20-B_S24_L001	HNCFLBGXX.1.CTCAGA	Anc-20-B	Anc-20-B	2016-01-19	DNASU	NextSeq	"T. thermophila Whole Genome DNA"
Anc-20-B_S24_L002_R1_001.fastq.gz	Anc-20-B_S24_L002	HNCFLBGXX.2.CTCAGA	Anc-20-B	Anc-20-B	2016-01-19	DNASU	NextSeq	"T. thermophila Whole Genome DNA"
Anc-20-B_S24_L002_R2_001.fastq.gz	Anc-20-B_S24_L002	HNCFLBGXX.2.CTCAGA	Anc-20-B	Anc-20-B	2016-01-19	DNASU	NextSeq	"T. thermophila Whole Genome DNA"
Anc-20-B_S24_L003_R1_001.fastq.gz	Anc-20-B_S24_L003	HNCFLBGXX.3.CTCAGA	Anc-20-B	Anc-20-B	2016-01-19	DNASU	NextSeq	"T. thermophila Whole Genome DNA"
Anc-20-B_S24_L003_R2_001.fastq.gz	Anc-20-B_S24_L003	HNCFLBGXX.3.CTCAGA	Anc-20-B	Anc-20-B	2016-01-19	DNASU	NextSeq	"T. thermophila Whole Genome DNA"
Anc-20-B_S24_L004_R1_001.fastq.gz	Anc-20-B_S24_L004	HNCFLBGXX.4.CTCAGA	Anc-20-B	Anc-20-B	2016-01-19	DNASU	NextSeq	"T. thermophila Whole Genome DNA"
Anc-20-B_S24_L004_R2_001.fastq.gz	Anc-20-B_S24_L004	HNCFLBGXX.4.CTCAGA	Anc-20-B	Anc-20-B	2016-01-19	DNASU	NextSeq	"T. thermophila Whole Genome DNA"
Anc-3-A_S27_L001_R1_001.fastq.gz	Anc-3-A_S27_L001	HNCFLBGXX.1.CAGATC	Anc-3-A	Anc-3-A	2016-01-19	DNASU	NextSeq	"T. thermophila Whole Genome DNA"
Anc-3-A_S27_L001_R2_001.fastq.gz	Anc-3-A_S27_L001	HNCFLBGXX.1.CAGATC	Anc-3-A	Anc-3-A	2016-01-19	DNASU	NextSeq	"T. thermophila Whole Genome DNA"
Anc-3-A_S27_L002_R1_001.fastq.gz	Anc-3-A_S27_L002	HNCFLBGXX.2.CAGATC	Anc-3-A	Anc-3-A	2016-01-19	DNASU	NextSeq	"T. thermophila Whole Genome DNA"
Anc-3-A_S27_L002_R2_001.fastq.gz	Anc-3-A_S27_L002	HNCFLBGXX.2.CAGATC	Anc-3-A	Anc-3-A	2016-01-19	DNASU	NextSeq	"T. thermophila Whole Genome DNA"
Anc-3-A_S27_L003_R1_001.fastq.gz	Anc-3-A_S27_L003	HNCFLBGXX.3.CAGATC	Anc-3-A	Anc-3-A	2016-01-19	DNASU	NextSeq	"T. thermophila Whole Genome DNA"
Anc-3-A_S27_L003_R2_001.fastq.gz	Anc-3-A_S27_L003	HNCFLBGXX.3.CAGATC	Anc-3-A	Anc-3-A	2016-01-19	DNASU	NextSeq	"T. thermophila Whole Genome DNA"
Anc-3-A_S27_L004_R1_001.fastq.gz	Anc-3-A_S27_L004	HNCFLBGXX.4.CAGATC	Anc-3-A	Anc-3-A	2016-01-19	DNASU	NextSeq	"T. thermophila Whole Genome DNA"
Anc-3-A_S27_L004_R2_001.fastq.gz	Anc-3-A_S27_L004	HNCFLBGXX.4.CAGATC	Anc-3-A	Anc-3-A	2016-01-19	DNASU	NextSeq	"T. thermophila Whole Genome DNA"
Anc-3-B_S28_L001_R1_001.fastq.gz	Anc-3-B_S28_L001	HNCFLBGXX.1.CTTGTA	Anc-3-B	Anc-3-B	2016-01-19	DNASU	NextSeq	"T. thermophila Whole Genome DNA"
Anc-3-B_S28_L001_R2_001.fastq.gz	Anc-3-B_S28_L001	HNCFLBGXX.1.CTTGTA	Anc-3-B	Anc-3-B	2016-01-19	DNASU	NextSeq	"T. thermophila Whole Genome DNA"
Anc-3-B_S28_L002_R1_001.fastq.gz	Anc-3-B_S28_L002	HNCFLBGXX.2.CTTGTA	Anc-3-B	Anc-3-B	2016-01-19	DNASU	NextSeq	"T. thermophila Whole Genome DNA"
Anc-3-B_S28_L002_R2_001.fastq.gz	Anc-3-B_S28_L002	HNCFLBGXX.2.CTTGTA	Anc-3-B	Anc-3-B	2016-01-19	DNASU	NextSeq	"T. thermophila Whole Genome DNA"
Anc-3-B_S28_L003_R1_001.fastq.gz	Anc-3-B_S28_L003	HNCFLBGXX.3.CTTGTA	Anc-3-B	Anc-3-B	2016-01-19	DNASU	NextSeq	"T. thermophila Whole Genome DNA"
Anc-3-B_S28_L003_R2_001.fastq.gz	Anc-3-B_S28_L003	HNCFLBGXX.3.CTTGTA	Anc-3-B	Anc-3-B	2016-01-19	DNASU	NextSeq	"T. thermophila Whole Genome DNA"
Anc-3-B_S28_L004_R1_001.fastq.gz	Anc-3-B_S28_L004	HNCFLBGXX.4.CTTGTA	Anc-3-B	Anc-3-B	2016-01-19	DNASU	NextSeq	"T. thermophila Whole Genome DNA"
Anc-3-B_S28_L004_R2_001.fastq.gz	Anc-3-B_S28_L004	HNCFLBGXX.4.CTTGTA	Anc-3-B	Anc-3-B	2016-01-19	DNASU	NextSeq	"T. thermophila Whole Genome DNA"
Anc-4-A_S29_L001_R1_001.fastq.gz	Anc-4-A_S29_L001	HNCFLBGXX.1.ATCACG	Anc-4-A	Anc-4-A	2016-01-19	DNASU	NextSeq	"T. thermophila Whole Genome DNA"
Anc-4-A_S29_L001_R2_001.fastq.gz	Anc-4-A_S29_L001	HNCFLBGXX.1.ATCACG	Anc-4-A	Anc-4-A	2016-01-19	DNASU	NextSeq	"T. thermophila Whole Genome DNA"
Anc-4-A_S29_L002_R1_001.fastq.gz	Anc-4-A_S29_L002	HNCFLBGXX.2.ATCACG	Anc-4-A	Anc-4-A	2016-01-19	DNASU	NextSeq	"T. thermophila Whole Genome DNA"
Anc-4-A_S29_L002_R2_001.fastq.gz	Anc-4-A_S29_L002	HNCFLBGXX.2.ATCACG	Anc-4-A	Anc-4-A	2016-01-19	DNASU	NextSeq	"T. thermophila Whole Genome DNA"
Anc-4-A_S29_L003_R1_001.fastq.gz	Anc-4-A_S29_L003	HNCFLBGXX.3.ATCACG	Anc-4-A	Anc-4-A	2016-01-19	DNASU	NextSeq	"T. thermophila Whole Genome DNA"
Anc-4-A_S29_L003_R2_001.fastq.gz	Anc-4-A_S29_L003	HNCFLBGXX.3.ATCACG	Anc-4-A	Anc-4-A	2016-01-19	DNASU	NextSeq	"T. thermophila Whole Genome DNA"
Anc-4-A_S29_L004_R1_001.fastq.gz	Anc-4-A_S29_L004	HNCFLBGXX.4.ATCACG	Anc-4-A	Anc-4-A	2016-01-19	DNASU	NextSeq	"T. thermophila Whole Genome DNA"
Anc-4-A_S29_L004_R2_001.fastq.gz	Anc-4-A_S29_L004	HNCFLBGXX.4.ATCACG	Anc-4-A	Anc-4-A	2016-01-19	DNASU	NextSeq	"T. thermophila Whole Genome DNA"
Anc-4-B_S30_L001_R1_001.fastq.gz	Anc-4-B_S30_L001	HNCFLBGXX.1.TTAGGC	Anc-4-B	Anc-4-B	2016-01-19	DNASU	NextSeq	"T. thermophila Whole Genome DNA"
Anc-4-B_S30_L001_R2_001.fastq.gz	Anc-4-B_S30_L001	HNCFLBGXX.1.TTAGGC	Anc-4-B	Anc-4-B	2016-01-19	DNASU	NextSeq	"T. thermophila Whole Genome DNA"
Anc-4-B_S30_L002_R1_001.fastq.gz	Anc-4-B_S30_L002	HNCFLBGXX.2.TTAGGC	Anc-4-B	Anc-4-B	2016-01-19	DNASU	NextSeq	"T. thermophila Whole Genome DNA"
Anc-4-B_S30_L002_R2_001.fastq.gz	Anc-4-B_S30_L002	HNCFLBGXX.2.TTAGGC	Anc-4-B	Anc-4-B	2016-01-19	DNASU	NextSeq	"T. thermophila Whole Genome DNA"
Anc-4-B_S30_L003_R1_001.fastq.gz	Anc-4-B_S30_L003	HNCFLBGXX.3.TTAGGC	Anc-4-B	Anc-4-B	2016-01-19	DNASU	NextSeq	"T. thermophila Whole Genome DNA"
Anc-4-B_S30_L003_R2_001.fastq.gz	Anc-4-B_S30_L003	HNCFLBGXX.3.TTAGGC	Anc-4-B	Anc-4-B	2016-01-19	DNASU	NextSeq	"T. thermophila Whole Genome DNA"
Anc-4-B_S30_L004_R1_001.fastq.gz	Anc-4-B_S30_L004	HNCFLBGXX.4.TTAGGC	Anc-4-B	Anc-4-B	2016-01-19	DNASU	NextSeq	"T. thermophila Whole Genome DNA"
Anc-4-B_S30_L004_R2_001.fastq.gz	Anc-4-B_S30_L004	HNCFLBGXX.4.TTAGGC	Anc-4-B	Anc-4-B	2016-01-19	DNASU	NextSeq	"T. thermophila Whole Genome DNA"
Anc-5-A_S31_L001_R1_001.fastq.gz	Anc-5-A_S31_L001	HNCFLBGXX.1.ACTTGA	Anc-5-A	Anc-5-A	2016-01-19	DNASU	NextSeq	"T. thermophila Whole Genome DNA"
Anc-5-A_S31_L001_R2_001.fastq.gz	Anc-5-A_S31_L001	HNCFLBGXX.1.ACTTGA	Anc-5-A	Anc-5-A	2016-01-19	DNASU	NextSeq	"T. thermophila Whole Genome DNA"
Anc-5-A_S31_L002_R1_001.fastq.gz	Anc-5-A_S31_L002	HNCFLBGXX.2.ACTTGA	Anc-5-A	Anc-5-A	2016-01-19	DNASU	NextSeq	"T. thermophila Whole Genome DNA"
Anc-5-A_S31_L002_R2_001.fastq.gz	Anc-5-A_S31_L002	HNCFLBGXX.2.ACTTGA	Anc-5-A	Anc-5-A	2016-01-19	DNASU	NextSeq	"T. thermophila Whole Genome DNA"
Anc-5-A_S31_L003_R1_001.fastq.gz	Anc-5-A_S31_L003	HNCFLBGXX.3.ACTTGA	Anc-5-A	Anc-5-A	2016-01-19	DNASU	NextSeq	"T. thermophila Whole Genome DNA"
Anc-5-A_S31_L003_R2_001.fastq.gz	Anc-5-A_S31_L003	HNCFLBGXX.3.ACTTGA	Anc-5-A	Anc-5-A	2016-01-19	DNASU	NextSeq	"T. thermophila Whole Genome DNA"
Anc-5-A_S31_L004_R1_001.fastq.gz	Anc-5-A_S31_L004	HNCFLBGXX.4.ACTTGA	Anc-5-A	Anc-5-A	2016-01-19	DNASU	NextSeq	"T. thermophila Whole Genome DNA"
Anc-5-A_S31_L004_R2_001.fastq.gz	Anc-5-A_S31_L004	HNCFLBGXX.4.ACTTGA	Anc-5-A	Anc-5-A	2016-01-19	DNASU	NextSeq	"T. thermophila Whole Genome DNA"
Anc-5-B_S32_L001_R1_001.fastq.gz	Anc-5-B_S32_L001	HNCFLBGXX.1.GATCAG	Anc-5-B	Anc-5-B	2016-01-19	DNASU	NextSeq	"T. thermophila Whole Genome DNA"
Anc-5-B_S32_L001_R2_001.fastq.gz	Anc-5-B_S32_L001	HNCFLBGXX.1.GATCAG	Anc-5-B	Anc-5-B	2016-01-19	DNASU	NextSeq	"T. thermophila Whole Genome DNA"
Anc-5-B_S32_L002_R1_001.fastq.gz	Anc-5-B_S32_L002	HNCFLBGXX.2.GATCAG	Anc-5-B	Anc-5-B	2016-01-19	DNASU	NextSeq	"T. thermophila Whole Genome DNA"
Anc-5-B_S32_L002_R2_001.fastq.gz	Anc-5-B_S32_L002	HNCFLBGXX.2.GATCAG	Anc-5-B	Anc-5-B	2016-01-19	DNASU	NextSeq	"T. thermophila Whole Genome DNA"
Anc-5-B_S32_L003_R1_001.fastq.gz	Anc-5-B_S32_L003	HNCFLBGXX.3.GATCAG	Anc-5-B	Anc-5-B	2016-01-19	DNASU	NextSeq	"T. thermophila Whole Genome DNA"
Anc-5-B_S32_L003_R2_001.fastq.gz	Anc-5-B_S32_L003	HNCFLBGXX.3.GATCAG	Anc-5-B	Anc-5-B	2016-01-19	DNASU	NextSeq	"T. thermophila Whole Genome DNA"
Anc-5-B_S32_L004_R1_001.fastq.gz	Anc-5-B_S32_L004	HNCFLBGXX.4.GATCAG	Anc-5-B	Anc-5-B	2016-01-19	DNASU	NextSeq	"T. thermophila Whole Genome DNA"
Anc-5-B_S32_L004_R2_001.fastq.gz	Anc-5-B_S32_L004	HNCFLBGXX.4.GATCAG	Anc-5-B	Anc-5-B	2016-01-19	DNASU	NextSeq	"T. thermophila Whole Genome DNA"
Anc-6-A_S33_L001_R1_001.fastq.gz	Anc-6-A_S33_L001	HNCFLBGXX.1.TAGCTT	Anc-6-A	Anc-6-A	2016-01-19	DNASU	NextSeq	"T. thermophila Whole Genome DNA"
Anc-6-A_S33_L001_R2_001.fastq.gz	Anc-6-A_S33_L001	HNCFLBGXX.1.TAGCTT	Anc-6-A	Anc-6-A	2016-01-19	DNASU	NextSeq	"T. thermophila Whole Genome DNA"
Anc-6-A_S33_L002_R1_001.fastq.gz	Anc-6-A_S33_L002	HNCFLBGXX.2.TAGCTT	Anc-6-A	Anc-6-A	2016-01-19	DNASU	NextSeq	"T. thermophila Whole Genome DNA"
Anc-6-A_S33_L002_R2_001.fastq.gz	Anc-6-A_S33_L002	HNCFLBGXX.2.TAGCTT	Anc-6-A	Anc-6-A	2016-01-19	DNASU	NextSeq	"T. thermophila Whole Genome DNA"
Anc-6-A_S33_L003_R1_001.fastq.gz	Anc-6-A_S33_L003	HNCFLBGXX.3.TAGCTT	Anc-6-A	Anc-6-A	2016-01-19	DNASU	NextSeq	"T. thermophila Whole Genome DNA"
Anc-6-A_S33_L003_R2_001.fastq.gz	Anc-6-A_S33_L003	HNCFLBGXX.3.TAGCTT	Anc-6-A	Anc-6-A	2016-01-19	DNASU	NextSeq	"T. thermophila Whole Genome DNA"
Anc-6-A_S33_L004_R1_001.fastq.gz	Anc-6-A_S33_L004	HNCFLBGXX.4.TAGCTT	Anc-6-A	Anc-6-A	2016-01-19	DNASU	NextSeq	"T. thermophila Whole Genome DNA"
Anc-6-A_S33_L004_R2_001.fastq.gz	Anc-6-A_S33_L004	HNCFLBGXX.4.TAGCTT	Anc-6-A	Anc-6-A	2016-01-19	DNASU	NextSeq	"T. thermophila Whole Genome DNA"
Anc-6-B_S34_L001_R1_001.fastq.gz	Anc-6-B_S34_L001	HNCFLBGXX.1.GGCTAC	Anc-6-B	Anc-6-B	2016-01-19	DNASU	NextSeq	"T. thermophila Whole Genome DNA"
Anc-6-B_S34_L001_R2_001.fastq.gz	Anc-6-B_S34_L001	HNCFLBGXX.1.GGCTAC	Anc-6-B	Anc-6-B	2016-01-19	DNASU	NextSeq	"T. thermophila Whole Genome DNA"
Anc-6-B_S34_L002_R1_001.fastq.gz	Anc-6-B_S34_L002	HNCFLBGXX.2.GGCTAC	Anc-6-B	Anc-6-B	2016-01-19	DNASU	NextSeq	"T. thermophila Whole Genome DNA"
Anc-6-B_S34_L002_R2_001.fastq.gz	Anc-6-B_S34_L002	HNCFLBGXX.2.GGCTAC	Anc-6-B	Anc-6-B	2016-01-19	DNASU	NextSeq	"T. thermophila Whole Genome DNA"
Anc-6-B_S34_L003_R1_001.fastq.gz	Anc-6-B_S34_L003	HNCFLBGXX.3.GGCTAC	Anc-6-B	Anc-6-B	2016-01-19	DNASU	NextSeq	"T. thermophila Whole Genome DNA"
Anc-6-B_S34_L003_R2_001.fastq.gz	Anc-6-B_S34_L003	HNCFLBGXX.3.GGCTAC	Anc-6-B	Anc-6-B	2016-01-19	DNASU	NextSeq	"T. thermophila Whole Genome DNA"
Anc-6-B_S34_L004_R1_001.fastq.gz	Anc-6-B_S34_L004	HNCFLBGXX.4.GGCTAC	Anc-6-B	Anc-6-B	2016-01-19	DNASU	NextSeq	"T. thermophila Whole Genome DNA"
Anc-6-B_S34_L004_R2_001.fastq.gz	Anc-6-B_S34_L004	HNCFLBGXX.4.GGCTAC	Anc-6-B	Anc-6-B	2016-01-19	DNASU	NextSeq	"T. thermophila Whole Genome DNA"
Anc-7-A_S35_L001_R1_001.fastq.gz	Anc-7-A_S35_L001	HNCFLBGXX.1.AGTCAA	Anc-7-A	Anc-7-A	2016-01-19	DNASU	NextSeq	"T. thermophila Whole Genome DNA"
Anc-7-A_S35_L001_R2_001.fastq.gz	Anc-7-A_S35_L001	HNCFLBGXX.1.AGTCAA	Anc-7-A	Anc-7-A	2016-01-19	DNASU	NextSeq	"T. thermophila Whole Genome DNA"
Anc-7-A_S35_L002_R1_001.fastq.gz	Anc-7-A_S35_L002	HNCFLBGXX.2.AGTCAA	Anc-7-A	Anc-7-A	2016-01-19	DNASU	NextSeq	"T. thermophila Whole Genome DNA"
Anc-7-A_S35_L002_R2_001.fastq.gz	Anc-7-A_S35_L002	HNCFLBGXX.2.AGTCAA	Anc-7-A	Anc-7-A	2016-01-19	DNASU	NextSeq	"T. thermophila Whole Genome DNA"
Anc-7-A_S35_L003_R1_001.fastq.gz	Anc-7-A_S35_L003	HNCFLBGXX.3.AGTCAA	Anc-7-A	Anc-7-A	2016-01-19	DNASU	NextSeq	"T. thermophila Whole Genome DNA"
Anc-7-A_S35_L003_R2_001.fastq.gz	Anc-7-A_S35_L003	HNCFLBGXX.3.AGTCAA	Anc-7-A	Anc-7-A	2016-01-19	DNASU	NextSeq	"T. thermophila Whole Genome DNA"
Anc-7-A_S35_L004_R1_001.fastq.gz	Anc-7-A_S35_L004	HNCFLBGXX.4.AGTCAA	Anc-7-A	Anc-7-A	2016-01-19	DNASU	NextSeq	"T. thermophila Whole Genome DNA"
Anc-7-A_S35_L004_R2_001.fastq.gz	Anc-7-A_S35_L004	HNCFLBGXX.4.AGTCAA	Anc-7-A	Anc-7-A	2016-01-19	DNASU	NextSeq	"T. thermophila Whole Genome DNA"
Anc-7-B_S36_L001_R1_001.fastq.gz	Anc-7-B_S36_L001	HNCFLBGXX.1.AGTTCC	Anc-7-B	Anc-7-B	2016-01-19	DNASU	NextSeq	"T. thermophila Whole Genome DNA"
Anc-7-B_S36_L001_R2_001.fastq.gz	Anc-7-B_S36_L001	HNCFLBGXX.1.AGTTCC	Anc-7-B	Anc-7-B	2016-01-19	DNASU	NextSeq	"T. thermophila Whole Genome DNA"
Anc-7-B_S36_L002_R1_001.fastq.gz	Anc-7-B_S36_L002	HNCFLBGXX.2.AGTTCC	Anc-7-B	Anc-7-B	2016-01-19	DNASU	NextSeq	"T. thermophila Whole Genome DNA"
Anc-7-B_S36_L002_R2_001.fastq.gz	Anc-7-B_S36_L002	HNCFLBGXX.2.AGTTCC	Anc-7-B	Anc-7-B	2016-01-19	DNASU	NextSeq	"T. thermophila Whole Genome DNA"
Anc-7-B_S36_L003_R1_001.fastq.gz	Anc-7-B_S36_L003	HNCFLBGXX.3.AGTTCC	Anc-7-B	Anc-7-B	2016-01-19	DNASU	NextSeq	"T. thermophila Whole Genome DNA"
Anc-7-B_S36_L003_R2_001.fastq.gz	Anc-7-B_S36_L003	HNCFLBGXX.3.AGTTCC	Anc-7-B	Anc-7-B	2016-01-19	DNASU	NextSeq	"T. thermophila Whole Genome DNA"
Anc-7-B_S36_L004_R1_001.fastq.gz	Anc-7-B_S36_L004	HNCFLBGXX.4.AGTTCC	Anc-7-B	Anc-7-B	2016-01-19	DNASU	NextSeq	"T. thermophila Whole Genome DNA"
Anc-7-B_S36_L004_R2_001.fastq.gz	Anc-7-B_S36_L004	HNCFLBGXX.4.AGTTCC	Anc-7-B	Anc-7-B	2016-01-19	DNASU	NextSeq	"T. thermophila Whole Genome DNA"
Anc-8-A_S37_L001_R1_001.fastq.gz	Anc-8-A_S37_L001	HNCFLBGXX.1.ATGTCA	Anc-8-A	Anc-8-A	2016-01-19	DNASU	NextSeq	"T. thermophila Whole Genome DNA"
Anc-8-A_S37_L001_R2_001.fastq.gz	Anc-8-A_S37_L001	HNCFLBGXX.1.ATGTCA	Anc-8-A	Anc-8-A	2016-01-19	DNASU	NextSeq	"T. thermophila Whole Genome DNA"
Anc-8-A_S37_L002_R1_001.fastq.gz	Anc-8-A_S37_L002	HNCFLBGXX.2.ATGTCA	Anc-8-A	Anc-8-A	2016-01-19	DNASU	NextSeq	"T. thermophila Whole Genome DNA"
Anc-8-A_S37_L002_R2_001.fastq.gz	Anc-8-A_S37_L002	HNCFLBGXX.2.ATGTCA	Anc-8-A	Anc-8-A	2016-01-19	DNASU	NextSeq	"T. thermophila Whole Genome DNA"
Anc-8-A_S37_L003_R1_001.fastq.gz	Anc-8-A_S37_L003	HNCFLBGXX.3.ATGTCA	Anc-8-A	Anc-8-A	2016-01-19	DNASU	NextSeq	"T. thermophila Whole Genome DNA"
Anc-8-A_S37_L003_R2_001.fastq.gz	Anc-8-A_S37_L003	HNCFLBGXX.3.ATGTCA	Anc-8-A	Anc-8-A	2016-01-19	DNASU	NextSeq	"T. thermophila Whole Genome DNA"
Anc-8-A_S37_L004_R1_001.fastq.gz	Anc-8-A_S37_L004	HNCFLBGXX.4.ATGTCA	Anc-8-A	Anc-8-A	2016-01-19	DNASU	NextSeq	"T. thermophila Whole Genome DNA"
Anc-8-A_S37_L004_R2_001.fastq.gz	Anc-8-A_S37_L004	HNCFLBGXX.4.ATGTCA	Anc-8-A	Anc-8-A	2016-01-19	DNASU	NextSeq	"T. thermophila Whole Genome DNA"
Anc-8-B_S38_L001_R1_001.fastq.gz	Anc-8-B_S38_L001	HNCFLBGXX.1.CCGTCC	Anc-8-B	Anc-8-B	2016-01-19	DNASU	NextSeq	"T. thermophila Whole Genome DNA"
Anc-8-B_S38_L001_R2_001.fastq.gz	Anc-8-B_S38_L001	HNCFLBGXX.1.CCGTCC	Anc-8-B	Anc-8-B	2016-01-19	DNASU	NextSeq	"T. thermophila Whole Genome DNA"
Anc-8-B_S38_L002_R1_001.fastq.gz	Anc-8-B_S38_L002	HNCFLBGXX.2.CCGTCC	Anc-8-B	Anc-8-B	2016-01-19	DNASU	NextSeq	"T. thermophila Whole Genome DNA"
Anc-8-B_S38_L002_R2_001.fastq.gz	Anc-8-B_S38_L002	HNCFLBGXX.2.CCGTCC	Anc-8-B	Anc-8-B	2016-01-19	DNASU	NextSeq	"T. thermophila Whole Genome DNA"
Anc-8-B_S38_L003_R1_001.fastq.gz	Anc-8-B_S38_L003	HNCFLBGXX.3.CCGTCC	Anc-8-B	Anc-8-B	2016-01-19	DNASU	NextSeq	"T. thermophila Whole Genome DNA"
Anc-8-B_S38_L003_R2_001.fastq.gz	Anc-8-B_S38_L003	HNCFLBGXX.3.CCGTCC	Anc-8-B	Anc-8-B	2016-01-19	DNASU	NextSeq	"T. thermophila Whole Genome DNA"
Anc-8-B_S38_L004_R1_001.fastq.gz	Anc-8-B_S38_L004	HNCFLBGXX.4.CCGTCC	Anc-8-B	Anc-8-B	2016-01-19	DNASU	NextSeq	"T. thermophila Whole Genome DNA"
Anc-8-B_S38_L004_R2_001.fastq.gz	Anc-8-B_S38_L004	HNCFLBGXX.4.CCGTCC	Anc-8-B	Anc-8-B	2016-01-19	DNASU	NextSeq	"T. thermophila Whole Genome DNA"
Anc-9-A_S39_L001_R1_001.fastq.gz	Anc-9-A_S39_L001	HNCFLBGXX.1.GTAGAG	Anc-9-A	Anc-9-A	2016-01-19	DNASU	NextSeq	"T. thermophila Whole Genome DNA"
Anc-9-A_S39_L001_R2_001.fastq.gz	Anc-9-A_S39_L001	HNCFLBGXX.1.GTAGAG	Anc-9-A	Anc-9-A	2016-01-19	DNASU	NextSeq	"T. thermophila Whole Genome DNA"
Anc-9-A_S39_L002_R1_001.fastq.gz	Anc-9-A_S39_L002	HNCFLBGXX.2.GTAGAG	Anc-9-A	Anc-9-A	2016-01-19	DNASU	NextSeq	"T. thermophila Whole Genome DNA"
Anc-9-A_S39_L002_R2_001.fastq.gz	Anc-9-A_S39_L002	HNCFLBGXX.2.GTAGAG	Anc-9-A	Anc-9-A	2016-01-19	DNASU	NextSeq	"T. thermophila Whole Genome DNA"
Anc-9-A_S39_L003_R1_001.fastq.gz	Anc-9-A_S39_L003	HNCFLBGXX.3.GTAGAG	Anc-9-A	Anc-9-A	2016-01-19	DNASU	NextSeq	"T. thermophila Whole Genome DNA"
Anc-9-A_S39_L003_R2_001.fastq.gz	Anc-9-A_S39_L003	HNCFLBGXX.3.GTAGAG	Anc-9-A	Anc-9-A	2016-01-19	DNASU	NextSeq	"T. thermophila Whole Genome DNA"
Anc-9-A_S39_L004_R1_001.fastq.gz	Anc-9-A_S39_L004	HNCFLBGXX.4.GTAGAG	Anc-9-A	Anc-9-A	2016-01-19	DNASU	NextSeq	"T. thermophila Whole Genome DNA"
Anc-9-A_S39_L004_R2_001.fastq.gz	Anc-9-A_S39_L004	HNCFLBGXX.4.GTAGAG	Anc-9-A	Anc-9-A	2016-01-19	DNASU	NextSeq	"T. thermophila Whole Genome DNA"
Anc-9-B_S40_L001_R1_001.fastq.gz	Anc-9-B_S40_L001	HNCFLBGXX.1.GTCCGC	Anc-9-B	Anc-9-B	2016-01-19	DNASU	NextSeq	"T. thermophila Whole Genome DNA"
Anc-9-B_S40_L001_R2_001.fastq.gz	Anc-9-B_S40_L001	HNCFLBGXX.1.GTCCGC	Anc-9-B	Anc-9-B	2016-01-19	DNASU	NextSeq	"T. thermophila Whole Genome DNA"
Anc-9-B_S40_L002_R1_001.fastq.gz	Anc-9-B_S40_L002	HNCFLBGXX.2.GTCCGC	Anc-9-B	Anc-9-B	2016-01-19	DNASU	NextSeq	"T. thermophila Whole Genome DNA"
Anc-9-B_S40_L002_R2_001.fastq.gz	Anc-9-B_S40_L002	HNCFLBGXX.2.GTCCGC	Anc-9-B	Anc-9-B	2016-01-19	DNASU	NextSeq	"T. thermophila Whole Genome DNA"
Anc-9-B_S40_L003_R1_001.fastq.gz	Anc-9-B_S40_L003	HNCFLBGXX.3.GTCCGC	Anc-9-B	Anc-9-B	2016-01-19	DNASU	NextSeq	"T. thermophila Whole Genome DNA"
Anc-9-B_S40_L003_R2_001.fastq.gz	Anc-9-B_S40_L003	HNCFLBGXX.3.GTCCGC	Anc-9-B	Anc-9-B	2016-01-19	DNASU	NextSeq	"T. thermophila Whole Genome DNA"
Anc-9-B_S40_L004_R1_001.fastq.gz	Anc-9-B_S40_L004	HNCFLBGXX.4.GTCCGC	Anc-9-B	Anc-9-B	2016-01-19	DNASU	NextSeq	"T. thermophila Whole Genome DNA"
Anc-9-B_S40_L004_R2_001.fastq.gz	Anc-9-B_S40_L004	HNCFLBGXX.4.GTCCGC	Anc-9-B	Anc-9-B	2016-01-19	DNASU	NextSeq	"T. thermophila Whole Genome DNA"
C12GE1_S17_L001_R1_001.fastq.gz	C12GE1_S17_L001	H2KCTBGX2.1.GTAGAG	C12GE1	C12GE1	2017-04-14	DNASU	NextSeq	"T. thermophila Whole Genome DNA"
C12GE1_S17_L001_R2_001.fastq.gz	C12GE1_S17_L001	H2KCTBGX2.1.GTAGAG	C12GE1	C12GE1	2017-04-14	DNASU	NextSeq	"T. thermophila Whole Genome DNA"
C12GE1_S17_L002_R1_001.fastq.gz	C12GE1_S17_L002	H2KCTBGX2.2.GTAGAG	C12GE1	C12GE1	2017-04-14	DNASU	NextSeq	"T. thermophila Whole Genome DNA"
C12GE1_S17_L002_R2_001.fastq.gz	C12GE1_S17_L002	H2KCTBGX2.2.GTAGAG	C12GE1	C12GE1	2017-04-14	DNASU	NextSeq	"T. thermophila Whole Genome DNA"
C12GE1_S17_L003_R1_001.fastq.gz	C12GE1_S17_L003	H2KCTBGX2.3.GTAGAG	C12GE1	C12GE1	2017-04-14	DNASU	NextSeq	"T. thermophila Whole Genome DNA"
C12GE1_S17_L003_R2_001.fastq.gz	C12GE1_S17_L003	H2KCTBGX2.3.GTAGAG	C12GE1	C12GE1	2017-04-14	DNASU	NextSeq	"T. thermophila Whole Genome DNA"
C12GE1_S17_L004_R1_001.fastq.gz	C12GE1_S17_L004	H2KCTBGX2.4.GTAGAG	C12GE1	C12GE1	2017-04-14	DNASU	NextSeq	"T. thermophila Whole Genome DNA"
C12GE1_S17_L004_R2_001.fastq.gz	C12GE1_S17_L004	H2KCTBGX2.4.GTAGAG	C12GE1	C12GE1	2017-04-14	DNASU	NextSeq	"T. thermophila Whole Genome DNA"
C12GE2_S18_L001_R1_001.fastq.gz	C12GE2_S18_L001	H2KCTBGX2.1.GTCCGC	C12GE2	C12GE2	2017-04-14	DNASU	NextSeq	"T. thermophila Whole Genome DNA"
C12GE2_S18_L001_R2_001.fastq.gz	C12GE2_S18_L001	H2KCTBGX2.1.GTCCGC	C12GE2	C12GE2	2017-04-14	DNASU	NextSeq	"T. thermophila Whole Genome DNA"
C12GE2_S18_L002_R1_001.fastq.gz	C12GE2_S18_L002	H2KCTBGX2.2.GTCCGC	C12GE2	C12GE2	2017-04-14	DNASU	NextSeq	"T. thermophila Whole Genome DNA"
C12GE2_S18_L002_R2_001.fastq.gz	C12GE2_S18_L002	H2KCTBGX2.2.GTCCGC	C12GE2	C12GE2	2017-04-14	DNASU	NextSeq	"T. thermophila Whole Genome DNA"
C12GE2_S18_L003_R1_001.fastq.gz	C12GE2_S18_L003	H2KCTBGX2.3.GTCCGC	C12GE2	C12GE2	2017-04-14	DNASU	NextSeq	"T. thermophila Whole Genome DNA"
C12GE2_S18_L003_R2_001.fastq.gz	C12GE2_S18_L003	H2KCTBGX2.3.GTCCGC	C12GE2	C12GE2	2017-04-14	DNASU	NextSeq	"T. thermophila Whole Genome DNA"
C12GE2_S18_L004_R1_001.fastq.gz	C12GE2_S18_L004	H2KCTBGX2.4.GTCCGC	C12GE2	C12GE2	2017-04-14	DNASU	NextSeq	"T. thermophila Whole Genome DNA"
C12GE2_S18_L004_R2_001.fastq.gz	C12GE2_S18_L004	H2KCTBGX2.4.GTCCGC	C12GE2	C12GE2	2017-04-14	DNASU	NextSeq	"T. thermophila Whole Genome DNA"
C12MA_S5_L001_R1_001.fastq.gz	C12MA_S5_L001	H2KCTBGX2.1.CAGATC	C12MA	C12MA	2017-04-14	DNASU	NextSeq	"T. thermophila Whole Genome DNA"
C12MA_S5_L001_R2_001.fastq.gz	C12MA_S5_L001	H2KCTBGX2.1.CAGATC	C12MA	C12MA	2017-04-14	DNASU	NextSeq	"T. thermophila Whole Genome DNA"
C12MA_S5_L002_R1_001.fastq.gz	C12MA_S5_L002	H2KCTBGX2.2.CAGATC	C12MA	C12MA	2017-04-14	DNASU	NextSeq	"T. thermophila Whole Genome DNA"
C12MA_S5_L002_R2_001.fastq.gz	C12MA_S5_L002	H2KCTBGX2.2.CAGATC	C12MA	C12MA	2017-04-14	DNASU	NextSeq	"T. thermophila Whole Genome DNA"
C12MA_S5_L003_R1_001.fastq.gz	C12MA_S5_L003	H2KCTBGX2.3.CAGATC	C12MA	C12MA	2017-04-14	DNASU	NextSeq	"T. thermophila Whole Genome DNA"
C12MA_S5_L003_R2_001.fastq.gz	C12MA_S5_L003	H2KCTBGX2.3.CAGATC	C12MA	C12MA	2017-04-14	DNASU	NextSeq	"T. thermophila Whole Genome DNA"
C12MA_S5_L004_R1_001.fastq.gz	C12MA_S5_L004	H2KCTBGX2.4.CAGATC	C12MA	C12MA	2017-04-14	DNASU	NextSeq	"T. thermophila Whole Genome DNA"
C12MA_S5_L004_R2_001.fastq.gz	C12MA_S5_L004	H2KCTBGX2.4.CAGATC	C12MA	C12MA	2017-04-14	DNASU	NextSeq	"T. thermophila Whole Genome DNA"
C3GE1_S15_L001_R1_001.fastq.gz	C3GE1_S15_L001	H2KCTBGX2.1.ATGTCA	C3GE1	C3GE1	2017-04-14	DNASU	NextSeq	"T. thermophila Whole Genome DNA"
C3GE1_S15_L001_R2_001.fastq.gz	C3GE1_S15_L001	H2KCTBGX2.1.ATGTCA	C3GE1	C3GE1	2017-04-14	DNASU	NextSeq	"T. thermophila Whole Genome DNA"
C3GE1_S15_L002_R1_001.fastq.gz	C3GE1_S15_L002	H2KCTBGX2.2.ATGTCA	C3GE1	C3GE1	2017-04-14	DNASU	NextSeq	"T. thermophila Whole Genome DNA"
C3GE1_S15_L002_R2_001.fastq.gz	C3GE1_S15_L002	H2KCTBGX2.2.ATGTCA	C3GE1	C3GE1	2017-04-14	DNASU	NextSeq	"T. thermophila Whole Genome DNA"
C3GE1_S15_L003_R1_001.fastq.gz	C3GE1_S15_L003	H2KCTBGX2.3.ATGTCA	C3GE1	C3GE1	2017-04-14	DNASU	NextSeq	"T. thermophila Whole Genome DNA"
C3GE1_S15_L003_R2_001.fastq.gz	C3GE1_S15_L003	H2KCTBGX2.3.ATGTCA	C3GE1	C3GE1	2017-04-14	DNASU	NextSeq	"T. thermophila Whole Genome DNA"
C3GE1_S15_L004_R1_001.fastq.gz	C3GE1_S15_L004	H2KCTBGX2.4.ATGTCA	C3GE1	C3GE1	2017-04-14	DNASU	NextSeq	"T. thermophila Whole Genome DNA"
C3GE1_S15_L004_R2_001.fastq.gz	C3GE1_S15_L004	H2KCTBGX2.4.ATGTCA	C3GE1	C3GE1	2017-04-14	DNASU	NextSeq	"T. thermophila Whole Genome DNA"
C3GE2_S16_L001_R1_001.fastq.gz	C3GE2_S16_L001	H2KCTBGX2.1.CCGTCC	C3GE2	C3GE2	2017-04-14	DNASU	NextSeq	"T. thermophila Whole Genome DNA"
C3GE2_S16_L001_R2_001.fastq.gz	C3GE2_S16_L001	H2KCTBGX2.1.CCGTCC	C3GE2	C3GE2	2017-04-14	DNASU	NextSeq	"T. thermophila Whole Genome DNA"
C3GE2_S16_L002_R1_001.fastq.gz	C3GE2_S16_L002	H2KCTBGX2.2.CCGTCC	C3GE2	C3GE2	2017-04-14	DNASU	NextSeq	"T. thermophila Whole Genome DNA"
C3GE2_S16_L002_R2_001.fastq.gz	C3GE2_S16_L002	H2KCTBGX2.2.CCGTCC	C3GE2	C3GE2	2017-04-14	DNASU	NextSeq	"T. thermophila Whole Genome DNA"
C3GE2_S16_L003_R1_001.fastq.gz	C3GE2_S16_L003	H2KCTBGX2.3.CCGTCC	C3GE2	C3GE2	2017-04-14	DNASU	NextSeq	"T. thermophila Whole Genome DNA"
C3GE2_S16_L003_R2_001.fastq.gz	C3GE2_S16_L003	H2KCTBGX2.3.CCGTCC	C3GE2	C3GE2	2017-04-14	DNASU	NextSeq	"T. thermophila Whole Genome DNA"
C3GE2_S16_L004_R1_001.fastq.gz	C3GE2_S16_L004	H2KCTBGX2.4.CCGTCC	C3GE2	C3GE2	2017-04-14	DNASU	NextSeq	"T. thermophila Whole Genome DNA"
C3GE2_S16_L004_R2_001.fastq.gz	C3GE2_S16_L004	H2KCTBGX2.4.CCGTCC	C3GE2	C3GE2	2017-04-14	DNASU	NextSeq	"T. thermophila Whole Genome DNA"
C3MA_S4_L001_R1_001.fastq.gz	C3MA_S4_L001	H2KCTBGX2.1.GCCAAT	C3MA	C3MA	2017-04-14	DNASU	NextSeq	"T. thermophila Whole Genome DNA"
C3MA_S4_L001_R2_001.fastq.gz	C3MA_S4_L001	H2KCTBGX2.1.GCCAAT	C3MA	C3MA	2017-04-14	DNASU	NextSeq	"T. thermophila Whole Genome DNA"
C3MA_S4_L002_R1_001.fastq.gz	C3MA_S4_L002	H2KCTBGX2.2.GCCAAT	C3MA	C3MA	2017-04-14	DNASU	NextSeq	"T. thermophila Whole Genome DNA"
C3MA_S4_L002_R2_001.fastq.gz	C3MA_S4_L002	H2KCTBGX2.2.GCCAAT	C3MA	C3MA	2017-04-14	DNASU	NextSeq	"T. thermophila Whole Genome DNA"
C3MA_S4_L003_R1_001.fastq.gz	C3MA_S4_L003	H2KCTBGX2.3.GCCAAT	C3MA	C3MA	2017-04-14	DNASU	NextSeq	"T. thermophila Whole Genome DNA"
C3MA_S4_L003_R2_001.fastq.gz	C3MA_S4_L003	H2KCTBGX2.3.GCCAAT	C3MA	C3MA	2017-04-14	DNASU	NextSeq	"T. thermophila Whole Genome DNA"
C3MA_S4_L004_R1_001.fastq.gz	C3MA_S4_L004	H2KCTBGX2.4.GCCAAT	C3MA	C3MA	2017-04-14	DNASU	NextSeq	"T. thermophila Whole Genome DNA"
C3MA_S4_L004_R2_001.fastq.gz	C3MA_S4_L004	H2KCTBGX2.4.GCCAAT	C3MA	C3MA	2017-04-14	DNASU	NextSeq	"T. thermophila Whole Genome DNA"
D2GE1_S19_L001_R1_001.fastq.gz	D2GE1_S19_L001	H2KCTBGX2.1.GTGAAA	D2GE1	D2GE1	2017-04-14	DNASU	NextSeq	"T. thermophila Whole Genome DNA"
D2GE1_S19_L001_R2_001.fastq.gz	D2GE1_S19_L001	H2KCTBGX2.1.GTGAAA	D2GE1	D2GE1	2017-04-14	DNASU	NextSeq	"T. thermophila Whole Genome DNA"
D2GE1_S19_L002_R1_001.fastq.gz	D2GE1_S19_L002	H2KCTBGX2.2.GTGAAA	D2GE1	D2GE1	2017-04-14	DNASU	NextSeq	"T. thermophila Whole Genome DNA"
D2GE1_S19_L002_R2_001.fastq.gz	D2GE1_S19_L002	H2KCTBGX2.2.GTGAAA	D2GE1	D2GE1	2017-04-14	DNASU	NextSeq	"T. thermophila Whole Genome DNA"
D2GE1_S19_L003_R1_001.fastq.gz	D2GE1_S19_L003	H2KCTBGX2.3.GTGAAA	D2GE1	D2GE1	2017-04-14	DNASU	NextSeq	"T. thermophila Whole Genome DNA"
D2GE1_S19_L003_R2_001.fastq.gz	D2GE1_S19_L003	H2KCTBGX2.3.GTGAAA	D2GE1	D2GE1	2017-04-14	DNASU	NextSeq	"T. thermophila Whole Genome DNA"
D2GE1_S19_L004_R1_001.fastq.gz	D2GE1_S19_L004	H2KCTBGX2.4.GTGAAA	D2GE1	D2GE1	2017-04-14	DNASU	NextSeq	"T. thermophila Whole Genome DNA"
D2GE1_S19_L004_R2_001.fastq.gz	D2GE1_S19_L004	H2KCTBGX2.4.GTGAAA	D2GE1	D2GE1	2017-04-14	DNASU	NextSeq	"T. thermophila Whole Genome DNA"
D2GE2_S20_L001_R1_001.fastq.gz	D2GE2_S20_L001	H2KCTBGX2.1.GTGGCC	D2GE2	D2GE2	2017-04-14	DNASU	NextSeq	"T. thermophila Whole Genome DNA"
D2GE2_S20_L001_R2_001.fastq.gz	D2GE2_S20_L001	H2KCTBGX2.1.GTGGCC	D2GE2	D2GE2	2017-04-14	DNASU	NextSeq	"T. thermophila Whole Genome DNA"
D2GE2_S20_L002_R1_001.fastq.gz	D2GE2_S20_L002	H2KCTBGX2.2.GTGGCC	D2GE2	D2GE2	2017-04-14	DNASU	NextSeq	"T. thermophila Whole Genome DNA"
D2GE2_S20_L002_R2_001.fastq.gz	D2GE2_S20_L002	H2KCTBGX2.2.GTGGCC	D2GE2	D2GE2	2017-04-14	DNASU	NextSeq	"T. thermophila Whole Genome DNA"
D2GE2_S20_L003_R1_001.fastq.gz	D2GE2_S20_L003	H2KCTBGX2.3.GTGGCC	D2GE2	D2GE2	2017-04-14	DNASU	NextSeq	"T. thermophila Whole Genome DNA"
D2GE2_S20_L003_R2_001.fastq.gz	D2GE2_S20_L003	H2KCTBGX2.3.GTGGCC	D2GE2	D2GE2	2017-04-14	DNASU	NextSeq	"T. thermophila Whole Genome DNA"
D2GE2_S20_L004_R1_001.fastq.gz	D2GE2_S20_L004	H2KCTBGX2.4.GTGGCC	D2GE2	D2GE2	2017-04-14	DNASU	NextSeq	"T. thermophila Whole Genome DNA"
D2GE2_S20_L004_R2_001.fastq.gz	D2GE2_S20_L004	H2KCTBGX2.4.GTGGCC	D2GE2	D2GE2	2017-04-14	DNASU	NextSeq	"T. thermophila Whole Genome DNA"
D2MA_S1_L001_R1_001.fastq.gz	D2MA_S1_L001	HLVMKAFXX.1.TGACCA	D2MA	D2MA	2017-05-26	DNASU	NextSeq	"T. thermophila Whole Genome DNA"
D2MA_S1_L001_R2_001.fastq.gz	D2MA_S1_L001	HLVMKAFXX.1.TGACCA	D2MA	D2MA	2017-05-26	DNASU	NextSeq	"T. thermophila Whole Genome DNA"
D2MA_S1_L002_R1_001.fastq.gz	D2MA_S1_L002	HLVMKAFXX.2.TGACCA	D2MA	D2MA	2017-05-26	DNASU	NextSeq	"T. thermophila Whole Genome DNA"
D2MA_S1_L002_R2_001.fastq.gz	D2MA_S1_L002	HLVMKAFXX.2.TGACCA	D2MA	D2MA	2017-05-26	DNASU	NextSeq	"T. thermophila Whole Genome DNA"
D2MA_S1_L003_R1_001.fastq.gz	D2MA_S1_L003	HLVMKAFXX.3.TGACCA	D2MA	D2MA	2017-05-26	DNASU	NextSeq	"T. thermophila Whole Genome DNA"
D2MA_S1_L003_R2_001.fastq.gz	D2MA_S1_L003	HLVMKAFXX.3.TGACCA	D2MA	D2MA	2017-05-26	DNASU	NextSeq	"T. thermophila Whole Genome DNA"
D2MA_S1_L004_R1_001.fastq.gz	D2MA_S1_L004	HLVMKAFXX.4.TGACCA	D2MA	D2MA	2017-05-26	DNASU	NextSeq	"T. thermophila Whole Genome DNA"
D2MA_S1_L004_R2_001.fastq.gz	D2MA_S1_L004	HLVMKAFXX.4.TGACCA	D2MA	D2MA	2017-05-26	DNASU	NextSeq	"T. thermophila Whole Genome DNA"
F6GE1_S21_L001_R1_001.fastq.gz	F6GE1_S21_L001	H2KCTBGX2.1.GTTTCG	F6GE1	F6GE1	2017-04-14	DNASU	NextSeq	"T. thermophila Whole Genome DNA"
F6GE1_S21_L001_R2_001.fastq.gz	F6GE1_S21_L001	H2KCTBGX2.1.GTTTCG	F6GE1	F6GE1	2017-04-14	DNASU	NextSeq	"T. thermophila Whole Genome DNA"
F6GE1_S21_L002_R1_001.fastq.gz	F6GE1_S21_L002	H2KCTBGX2.2.GTTTCG	F6GE1	F6GE1	2017-04-14	DNASU	NextSeq	"T. thermophila Whole Genome DNA"
F6GE1_S21_L002_R2_001.fastq.gz	F6GE1_S21_L002	H2KCTBGX2.2.GTTTCG	F6GE1	F6GE1	2017-04-14	DNASU	NextSeq	"T. thermophila Whole Genome DNA"
F6GE1_S21_L003_R1_001.fastq.gz	F6GE1_S21_L003	H2KCTBGX2.3.GTTTCG	F6GE1	F6GE1	2017-04-14	DNASU	NextSeq	"T. thermophila Whole Genome DNA"
F6GE1_S21_L003_R2_001.fastq.gz	F6GE1_S21_L003	H2KCTBGX2.3.GTTTCG	F6GE1	F6GE1	2017-04-14	DNASU	NextSeq	"T. thermophila Whole Genome DNA"
F6GE1_S21_L004_R1_001.fastq.gz	F6GE1_S21_L004	H2KCTBGX2.4.GTTTCG	F6GE1	F6GE1	2017-04-14	DNASU	NextSeq	"T. thermophila Whole Genome DNA"
F6GE1_S21_L004_R2_001.fastq.gz	F6GE1_S21_L004	H2KCTBGX2.4.GTTTCG	F6GE1	F6GE1	2017-04-14	DNASU	NextSeq	"T. thermophila Whole Genome DNA"
F6GE2_S22_L001_R1_001.fastq.gz	F6GE2_S22_L001	H2KCTBGX2.1.CGTACG	F6GE2	F6GE2	2017-04-14	DNASU	NextSeq	"T. thermophila Whole Genome DNA"
F6GE2_S22_L001_R2_001.fastq.gz	F6GE2_S22_L001	H2KCTBGX2.1.CGTACG	F6GE2	F6GE2	2017-04-14	DNASU	NextSeq	"T. thermophila Whole Genome DNA"
F6GE2_S22_L002_R1_001.fastq.gz	F6GE2_S22_L002	H2KCTBGX2.2.CGTACG	F6GE2	F6GE2	2017-04-14	DNASU	NextSeq	"T. thermophila Whole Genome DNA"
F6GE2_S22_L002_R2_001.fastq.gz	F6GE2_S22_L002	H2KCTBGX2.2.CGTACG	F6GE2	F6GE2	2017-04-14	DNASU	NextSeq	"T. thermophila Whole Genome DNA"
F6GE2_S22_L003_R1_001.fastq.gz	F6GE2_S22_L003	H2KCTBGX2.3.CGTACG	F6GE2	F6GE2	2017-04-14	DNASU	NextSeq	"T. thermophila Whole Genome DNA"
F6GE2_S22_L003_R2_001.fastq.gz	F6GE2_S22_L003	H2KCTBGX2.3.CGTACG	F6GE2	F6GE2	2017-04-14	DNASU	NextSeq	"T. thermophila Whole Genome DNA"
F6GE2_S22_L004_R1_001.fastq.gz	F6GE2_S22_L004	H2KCTBGX2.4.CGTACG	F6GE2	F6GE2	2017-04-14	DNASU	NextSeq	"T. thermophila Whole Genome DNA"
F6GE2_S22_L004_R2_001.fastq.gz	F6GE2_S22_L004	H2KCTBGX2.4.CGTACG	F6GE2	F6GE2	2017-04-14	DNASU	NextSeq	"T. thermophila Whole Genome DNA"
F6MA_S7_L001_R1_001.fastq.gz	F6MA_S7_L001	H2KCTBGX2.1.ATCACG	F6MA	F6MA	2017-04-14	DNASU	NextSeq	"T. thermophila Whole Genome DNA"
F6MA_S7_L001_R2_001.fastq.gz	F6MA_S7_L001	H2KCTBGX2.1.ATCACG	F6MA	F6MA	2017-04-14	DNASU	NextSeq	"T. thermophila Whole Genome DNA"
F6MA_S7_L002_R1_001.fastq.gz	F6MA_S7_L002	H2KCTBGX2.2.ATCACG	F6MA	F6MA	2017-04-14	DNASU	NextSeq	"T. thermophila Whole Genome DNA"
F6MA_S7_L002_R2_001.fastq.gz	F6MA_S7_L002	H2KCTBGX2.2.ATCACG	F6MA	F6MA	2017-04-14	DNASU	NextSeq	"T. thermophila Whole Genome DNA"
F6MA_S7_L003_R1_001.fastq.gz	F6MA_S7_L003	H2KCTBGX2.3.ATCACG	F6MA	F6MA	2017-04-14	DNASU	NextSeq	"T. thermophila Whole Genome DNA"
F6MA_S7_L003_R2_001.fastq.gz	F6MA_S7_L003	H2KCTBGX2.3.ATCACG	F6MA	F6MA	2017-04-14	DNASU	NextSeq	"T. thermophila Whole Genome DNA"
F6MA_S7_L004_R1_001.fastq.gz	F6MA_S7_L004	H2KCTBGX2.4.ATCACG	F6MA	F6MA	2017-04-14	DNASU	NextSeq	"T. thermophila Whole Genome DNA"
F6MA_S7_L004_R2_001.fastq.gz	F6MA_S7_L004	H2KCTBGX2.4.ATCACG	F6MA	F6MA	2017-04-14	DNASU	NextSeq	"T. thermophila Whole Genome DNA"
F7GE1_S23_L001_R1_001.fastq.gz	F7GE1_S23_L001	H2KCTBGX2.1.GAGTGG	F7GE1	F7GE1	2017-04-14	DNASU	NextSeq	"T. thermophila Whole Genome DNA"
F7GE1_S23_L001_R2_001.fastq.gz	F7GE1_S23_L001	H2KCTBGX2.1.GAGTGG	F7GE1	F7GE1	2017-04-14	DNASU	NextSeq	"T. thermophila Whole Genome DNA"
F7GE1_S23_L002_R1_001.fastq.gz	F7GE1_S23_L002	H2KCTBGX2.2.GAGTGG	F7GE1	F7GE1	2017-04-14	DNASU	NextSeq	"T. thermophila Whole Genome DNA"
F7GE1_S23_L002_R2_001.fastq.gz	F7GE1_S23_L002	H2KCTBGX2.2.GAGTGG	F7GE1	F7GE1	2017-04-14	DNASU	NextSeq	"T. thermophila Whole Genome DNA"
F7GE1_S23_L003_R1_001.fastq.gz	F7GE1_S23_L003	H2KCTBGX2.3.GAGTGG	F7GE1	F7GE1	2017-04-14	DNASU	NextSeq	"T. thermophila Whole Genome DNA"
F7GE1_S23_L003_R2_001.fastq.gz	F7GE1_S23_L003	H2KCTBGX2.3.GAGTGG	F7GE1	F7GE1	2017-04-14	DNASU	NextSeq	"T. thermophila Whole Genome DNA"
F7GE1_S23_L004_R1_001.fastq.gz	F7GE1_S23_L004	H2KCTBGX2.4.GAGTGG	F7GE1	F7GE1	2017-04-14	DNASU	NextSeq	"T. thermophila Whole Genome DNA"
F7GE1_S23_L004_R2_001.fastq.gz	F7GE1_S23_L004	H2KCTBGX2.4.GAGTGG	F7GE1	F7GE1	2017-04-14	DNASU	NextSeq	"T. thermophila Whole Genome DNA"
F7GE2_S24_L001_R1_001.fastq.gz	F7GE2_S24_L001	H2KCTBGX2.1.GGTAGC	F7GE2	F7GE2	2017-04-14	DNASU	NextSeq	"T. thermophila Whole Genome DNA"
F7GE2_S24_L001_R2_001.fastq.gz	F7GE2_S24_L001	H2KCTBGX2.1.GGTAGC	F7GE2	F7GE2	2017-04-14	DNASU	NextSeq	"T. thermophila Whole Genome DNA"
F7GE2_S24_L002_R1_001.fastq.gz	F7GE2_S24_L002	H2KCTBGX2.2.GGTAGC	F7GE2	F7GE2	2017-04-14	DNASU	NextSeq	"T. thermophila Whole Genome DNA"
F7GE2_S24_L002_R2_001.fastq.gz	F7GE2_S24_L002	H2KCTBGX2.2.GGTAGC	F7GE2	F7GE2	2017-04-14	DNASU	NextSeq	"T. thermophila Whole Genome DNA"
F7GE2_S24_L003_R1_001.fastq.gz	F7GE2_S24_L003	H2KCTBGX2.3.GGTAGC	F7GE2	F7GE2	2017-04-14	DNASU	NextSeq	"T. thermophila Whole Genome DNA"
F7GE2_S24_L003_R2_001.fastq.gz	F7GE2_S24_L003	H2KCTBGX2.3.GGTAGC	F7GE2	F7GE2	2017-04-14	DNASU	NextSeq	"T. thermophila Whole Genome DNA"
F7GE2_S24_L004_R1_001.fastq.gz	F7GE2_S24_L004	H2KCTBGX2.4.GGTAGC	F7GE2	F7GE2	2017-04-14	DNASU	NextSeq	"T. thermophila Whole Genome DNA"
F7GE2_S24_L004_R2_001.fastq.gz	F7GE2_S24_L004	H2KCTBGX2.4.GGTAGC	F7GE2	F7GE2	2017-04-14	DNASU	NextSeq	"T. thermophila Whole Genome DNA"
F7MA_S8_L001_R1_001.fastq.gz	F7MA_S8_L001	H2KCTBGX2.1.TTAGGC	F7MA	F7MA	2017-04-14	DNASU	NextSeq	"T. thermophila Whole Genome DNA"
F7MA_S8_L001_R2_001.fastq.gz	F7MA_S8_L001	H2KCTBGX2.1.TTAGGC	F7MA	F7MA	2017-04-14	DNASU	NextSeq	"T. thermophila Whole Genome DNA"
F7MA_S8_L002_R1_001.fastq.gz	F7MA_S8_L002	H2KCTBGX2.2.TTAGGC	F7MA	F7MA	2017-04-14	DNASU	NextSeq	"T. thermophila Whole Genome DNA"
F7MA_S8_L002_R2_001.fastq.gz	F7MA_S8_L002	H2KCTBGX2.2.TTAGGC	F7MA	F7MA	2017-04-14	DNASU	NextSeq	"T. thermophila Whole Genome DNA"
F7MA_S8_L003_R1_001.fastq.gz	F7MA_S8_L003	H2KCTBGX2.3.TTAGGC	F7MA	F7MA	2017-04-14	DNASU	NextSeq	"T. thermophila Whole Genome DNA"
F7MA_S8_L003_R2_001.fastq.gz	F7MA_S8_L003	H2KCTBGX2.3.TTAGGC	F7MA	F7MA	2017-04-14	DNASU	NextSeq	"T. thermophila Whole Genome DNA"
F7MA_S8_L004_R1_001.fastq.gz	F7MA_S8_L004	H2KCTBGX2.4.TTAGGC	F7MA	F7MA	2017-04-14	DNASU	NextSeq	"T. thermophila Whole Genome DNA"
F7MA_S8_L004_R2_001.fastq.gz	F7MA_S8_L004	H2KCTBGX2.4.TTAGGC	F7MA	F7MA	2017-04-14	DNASU	NextSeq	"T. thermophila Whole Genome DNA"
G10GE1_S29_L001_R1_001.fastq.gz	G10GE1_S29_L001	H2KCTBGX2.1.CAACTA	G10GE1	G10GE1	2017-04-14	DNASU	NextSeq	"T. thermophila Whole Genome DNA"
G10GE1_S29_L001_R2_001.fastq.gz	G10GE1_S29_L001	H2KCTBGX2.1.CAACTA	G10GE1	G10GE1	2017-04-14	DNASU	NextSeq	"T. thermophila Whole Genome DNA"
G10GE1_S29_L002_R1_001.fastq.gz	G10GE1_S29_L002	H2KCTBGX2.2.CAACTA	G10GE1	G10GE1	2017-04-14	DNASU	NextSeq	"T. thermophila Whole Genome DNA"
G10GE1_S29_L002_R2_001.fastq.gz	G10GE1_S29_L002	H2KCTBGX2.2.CAACTA	G10GE1	G10GE1	2017-04-14	DNASU	NextSeq	"T. thermophila Whole Genome DNA"
G10GE1_S29_L003_R1_001.fastq.gz	G10GE1_S29_L003	H2KCTBGX2.3.CAACTA	G10GE1	G10GE1	2017-04-14	DNASU	NextSeq	"T. thermophila Whole Genome DNA"
G10GE1_S29_L003_R2_001.fastq.gz	G10GE1_S29_L003	H2KCTBGX2.3.CAACTA	G10GE1	G10GE1	2017-04-14	DNASU	NextSeq	"T. thermophila Whole Genome DNA"
G10GE1_S29_L004_R1_001.fastq.gz	G10GE1_S29_L004	H2KCTBGX2.4.CAACTA	G10GE1	G10GE1	2017-04-14	DNASU	NextSeq	"T. thermophila Whole Genome DNA"
G10GE1_S29_L004_R2_001.fastq.gz	G10GE1_S29_L004	H2KCTBGX2.4.CAACTA	G10GE1	G10GE1	2017-04-14	DNASU	NextSeq	"T. thermophila Whole Genome DNA"
G10GE2_S30_L001_R1_001.fastq.gz	G10GE2_S30_L001	H2KCTBGX2.1.CACCGG	G10GE2	G10GE2	2017-04-14	DNASU	NextSeq	"T. thermophila Whole Genome DNA"
G10GE2_S30_L001_R2_001.fastq.gz	G10GE2_S30_L001	H2KCTBGX2.1.CACCGG	G10GE2	G10GE2	2017-04-14	DNASU	NextSeq	"T. thermophila Whole Genome DNA"
G10GE2_S30_L002_R1_001.fastq.gz	G10GE2_S30_L002	H2KCTBGX2.2.CACCGG	G10GE2	G10GE2	2017-04-14	DNASU	NextSeq	"T. thermophila Whole Genome DNA"
G10GE2_S30_L002_R2_001.fastq.gz	G10GE2_S30_L002	H2KCTBGX2.2.CACCGG	G10GE2	G10GE2	2017-04-14	DNASU	NextSeq	"T. thermophila Whole Genome DNA"
G10GE2_S30_L003_R1_001.fastq.gz	G10GE2_S30_L003	H2KCTBGX2.3.CACCGG	G10GE2	G10GE2	2017-04-14	DNASU	NextSeq	"T. thermophila Whole Genome DNA"
G10GE2_S30_L003_R2_001.fastq.gz	G10GE2_S30_L003	H2KCTBGX2.3.CACCGG	G10GE2	G10GE2	2017-04-14	DNASU	NextSeq	"T. thermophila Whole Genome DNA"
G10GE2_S30_L004_R1_001.fastq.gz	G10GE2_S30_L004	H2KCTBGX2.4.CACCGG	G10GE2	G10GE2	2017-04-14	DNASU	NextSeq	"T. thermophila Whole Genome DNA"
G10GE2_S30_L004_R2_001.fastq.gz	G10GE2_S30_L004	H2KCTBGX2.4.CACCGG	G10GE2	G10GE2	2017-04-14	DNASU	NextSeq	"T. thermophila Whole Genome DNA"
G10MA_S11_L001_R1_001.fastq.gz	G10MA_S11_L001	H2KCTBGX2.1.TAGCTT	G10MA	G10MA	2017-04-14	DNASU	NextSeq	"T. thermophila Whole Genome DNA"
G10MA_S11_L001_R2_001.fastq.gz	G10MA_S11_L001	H2KCTBGX2.1.TAGCTT	G10MA	G10MA	2017-04-14	DNASU	NextSeq	"T. thermophila Whole Genome DNA"
G10MA_S11_L002_R1_001.fastq.gz	G10MA_S11_L002	H2KCTBGX2.2.TAGCTT	G10MA	G10MA	2017-04-14	DNASU	NextSeq	"T. thermophila Whole Genome DNA"
G10MA_S11_L002_R2_001.fastq.gz	G10MA_S11_L002	H2KCTBGX2.2.TAGCTT	G10MA	G10MA	2017-04-14	DNASU	NextSeq	"T. thermophila Whole Genome DNA"
G10MA_S11_L003_R1_001.fastq.gz	G10MA_S11_L003	H2KCTBGX2.3.TAGCTT	G10MA	G10MA	2017-04-14	DNASU	NextSeq	"T. thermophila Whole Genome DNA"
G10MA_S11_L003_R2_001.fastq.gz	G10MA_S11_L003	H2KCTBGX2.3.TAGCTT	G10MA	G10MA	2017-04-14	DNASU	NextSeq	"T. thermophila Whole Genome DNA"
G10MA_S11_L004_R1_001.fastq.gz	G10MA_S11_L004	H2KCTBGX2.4.TAGCTT	G10MA	G10MA	2017-04-14	DNASU	NextSeq	"T. thermophila Whole Genome DNA"
G10MA_S11_L004_R2_001.fastq.gz	G10MA_S11_L004	H2KCTBGX2.4.TAGCTT	G10MA	G10MA	2017-04-14	DNASU	NextSeq	"T. thermophila Whole Genome DNA"
G12GE1_S31_L001_R1_001.fastq.gz	G12GE1_S31_L001	H2KCTBGX2.1.CACGAT	G12GE1	G12GE1	2017-04-14	DNASU	NextSeq	"T. thermophila Whole Genome DNA"
G12GE1_S31_L001_R2_001.fastq.gz	G12GE1_S31_L001	H2KCTBGX2.1.CACGAT	G12GE1	G12GE1	2017-04-14	DNASU	NextSeq	"T. thermophila Whole Genome DNA"
G12GE1_S31_L002_R1_001.fastq.gz	G12GE1_S31_L002	H2KCTBGX2.2.CACGAT	G12GE1	G12GE1	2017-04-14	DNASU	NextSeq	"T. thermophila Whole Genome DNA"
G12GE1_S31_L002_R2_001.fastq.gz	G12GE1_S31_L002	H2KCTBGX2.2.CACGAT	G12GE1	G12GE1	2017-04-14	DNASU	NextSeq	"T. thermophila Whole Genome DNA"
G12GE1_S31_L003_R1_001.fastq.gz	G12GE1_S31_L003	H2KCTBGX2.3.CACGAT	G12GE1	G12GE1	2017-04-14	DNASU	NextSeq	"T. thermophila Whole Genome DNA"
G12GE1_S31_L003_R2_001.fastq.gz	G12GE1_S31_L003	H2KCTBGX2.3.CACGAT	G12GE1	G12GE1	2017-04-14	DNASU	NextSeq	"T. thermophila Whole Genome DNA"
G12GE1_S31_L004_R1_001.fastq.gz	G12GE1_S31_L004	H2KCTBGX2.4.CACGAT	G12GE1	G12GE1	2017-04-14	DNASU	NextSeq	"T. thermophila Whole Genome DNA"
G12GE1_S31_L004_R2_001.fastq.gz	G12GE1_S31_L004	H2KCTBGX2.4.CACGAT	G12GE1	G12GE1	2017-04-14	DNASU	NextSeq	"T. thermophila Whole Genome DNA"
G12GE2_S32_L001_R1_001.fastq.gz	G12GE2_S32_L001	H2KCTBGX2.1.CACTCA	G12GE2	G12GE2	2017-04-14	DNASU	NextSeq	"T. thermophila Whole Genome DNA"
G12GE2_S32_L001_R2_001.fastq.gz	G12GE2_S32_L001	H2KCTBGX2.1.CACTCA	G12GE2	G12GE2	2017-04-14	DNASU	NextSeq	"T. thermophila Whole Genome DNA"
G12GE2_S32_L002_R1_001.fastq.gz	G12GE2_S32_L002	H2KCTBGX2.2.CACTCA	G12GE2	G12GE2	2017-04-14	DNASU	NextSeq	"T. thermophila Whole Genome DNA"
G12GE2_S32_L002_R2_001.fastq.gz	G12GE2_S32_L002	H2KCTBGX2.2.CACTCA	G12GE2	G12GE2	2017-04-14	DNASU	NextSeq	"T. thermophila Whole Genome DNA"
G12GE2_S32_L003_R1_001.fastq.gz	G12GE2_S32_L003	H2KCTBGX2.3.CACTCA	G12GE2	G12GE2	2017-04-14	DNASU	NextSeq	"T. thermophila Whole Genome DNA"
G12GE2_S32_L003_R2_001.fastq.gz	G12GE2_S32_L003	H2KCTBGX2.3.CACTCA	G12GE2	G12GE2	2017-04-14	DNASU	NextSeq	"T. thermophila Whole Genome DNA"
G12GE2_S32_L004_R1_001.fastq.gz	G12GE2_S32_L004	H2KCTBGX2.4.CACTCA	G12GE2	G12GE2	2017-04-14	DNASU	NextSeq	"T. thermophila Whole Genome DNA"
G12GE2_S32_L004_R2_001.fastq.gz	G12GE2_S32_L004	H2KCTBGX2.4.CACTCA	G12GE2	G12GE2	2017-04-14	DNASU	NextSeq	"T. thermophila Whole Genome DNA"
G12MA_S12_L001_R1_001.fastq.gz	G12MA_S12_L001	H2KCTBGX2.1.GGCTAC	G12MA	G12MA	2017-04-14	DNASU	NextSeq	"T. thermophila Whole Genome DNA"
G12MA_S12_L001_R2_001.fastq.gz	G12MA_S12_L001	H2KCTBGX2.1.GGCTAC	G12MA	G12MA	2017-04-14	DNASU	NextSeq	"T. thermophila Whole Genome DNA"
G12MA_S12_L002_R1_001.fastq.gz	G12MA_S12_L002	H2KCTBGX2.2.GGCTAC	G12MA	G12MA	2017-04-14	DNASU	NextSeq	"T. thermophila Whole Genome DNA"
G12MA_S12_L002_R2_001.fastq.gz	G12MA_S12_L002	H2KCTBGX2.2.GGCTAC	G12MA	G12MA	2017-04-14	DNASU	NextSeq	"T. thermophila Whole Genome DNA"
G12MA_S12_L003_R1_001.fastq.gz	G12MA_S12_L003	H2KCTBGX2.3.GGCTAC	G12MA	G12MA	2017-04-14	DNASU	NextSeq	"T. thermophila Whole Genome DNA"
G12MA_S12_L003_R2_001.fastq.gz	G12MA_S12_L003	H2KCTBGX2.3.GGCTAC	G12MA	G12MA	2017-04-14	DNASU	NextSeq	"T. thermophila Whole Genome DNA"
G12MA_S12_L004_R1_001.fastq.gz	G12MA_S12_L004	H2KCTBGX2.4.GGCTAC	G12MA	G12MA	2017-04-14	DNASU	NextSeq	"T. thermophila Whole Genome DNA"
G12MA_S12_L004_R2_001.fastq.gz	G12MA_S12_L004	H2KCTBGX2.4.GGCTAC	G12MA	G12MA	2017-04-14	DNASU	NextSeq	"T. thermophila Whole Genome DNA"
G7GE1_S25_L001_R1_001.fastq.gz	G7GE1_S25_L001	H2KCTBGX2.1.ACTGAT	G7GE1	G7GE1	2017-04-14	DNASU	NextSeq	"T. thermophila Whole Genome DNA"
G7GE1_S25_L001_R2_001.fastq.gz	G7GE1_S25_L001	H2KCTBGX2.1.ACTGAT	G7GE1	G7GE1	2017-04-14	DNASU	NextSeq	"T. thermophila Whole Genome DNA"
G7GE1_S25_L002_R1_001.fastq.gz	G7GE1_S25_L002	H2KCTBGX2.2.ACTGAT	G7GE1	G7GE1	2017-04-14	DNASU	NextSeq	"T. thermophila Whole Genome DNA"
G7GE1_S25_L002_R2_001.fastq.gz	G7GE1_S25_L002	H2KCTBGX2.2.ACTGAT	G7GE1	G7GE1	2017-04-14	DNASU	NextSeq	"T. thermophila Whole Genome DNA"
G7GE1_S25_L003_R1_001.fastq.gz	G7GE1_S25_L003	H2KCTBGX2.3.ACTGAT	G7GE1	G7GE1	2017-04-14	DNASU	NextSeq	"T. thermophila Whole Genome DNA"
G7GE1_S25_L003_R2_001.fastq.gz	G7GE1_S25_L003	H2KCTBGX2.3.ACTGAT	G7GE1	G7GE1	2017-04-14	DNASU	NextSeq	"T. thermophila Whole Genome DNA"
G7GE1_S25_L004_R1_001.fastq.gz	G7GE1_S25_L004	H2KCTBGX2.4.ACTGAT	G7GE1	G7GE1	2017-04-14	DNASU	NextSeq	"T. thermophila Whole Genome DNA"
G7GE1_S25_L004_R2_001.fastq.gz	G7GE1_S25_L004	H2KCTBGX2.4.ACTGAT	G7GE1	G7GE1	2017-04-14	DNASU	NextSeq	"T. thermophila Whole Genome DNA"
G7GE2_S26_L001_R1_001.fastq.gz	G7GE2_S26_L001	H2KCTBGX2.1.ATGAGC	G7GE2	G7GE2	2017-04-14	DNASU	NextSeq	"T. thermophila Whole Genome DNA"
G7GE2_S26_L001_R2_001.fastq.gz	G7GE2_S26_L001	H2KCTBGX2.1.ATGAGC	G7GE2	G7GE2	2017-04-14	DNASU	NextSeq	"T. thermophila Whole Genome DNA"
G7GE2_S26_L002_R1_001.fastq.gz	G7GE2_S26_L002	H2KCTBGX2.2.ATGAGC	G7GE2	G7GE2	2017-04-14	DNASU	NextSeq	"T. thermophila Whole Genome DNA"
G7GE2_S26_L002_R2_001.fastq.gz	G7GE2_S26_L002	H2KCTBGX2.2.ATGAGC	G7GE2	G7GE2	2017-04-14	DNASU	NextSeq	"T. thermophila Whole Genome DNA"
G7GE2_S26_L003_R1_001.fastq.gz	G7GE2_S26_L003	H2KCTBGX2.3.ATGAGC	G7GE2	G7GE2	2017-04-14	DNASU	NextSeq	"T. thermophila Whole Genome DNA"
G7GE2_S26_L003_R2_001.fastq.gz	G7GE2_S26_L003	H2KCTBGX2.3.ATGAGC	G7GE2	G7GE2	2017-04-14	DNASU	NextSeq	"T. thermophila Whole Genome DNA"
G7GE2_S26_L004_R1_001.fastq.gz	G7GE2_S26_L004	H2KCTBGX2.4.ATGAGC	G7GE2	G7GE2	2017-04-14	DNASU	NextSeq	"T. thermophila Whole Genome DNA"
G7GE2_S26_L004_R2_001.fastq.gz	G7GE2_S26_L004	H2KCTBGX2.4.ATGAGC	G7GE2	G7GE2	2017-04-14	DNASU	NextSeq	"T. thermophila Whole Genome DNA"
G7MA_S9_L001_R1_001.fastq.gz	G7MA_S9_L001	H2KCTBGX2.1.ACTTGA	G7MA	G7MA	2017-04-14	DNASU	NextSeq	"T. thermophila Whole Genome DNA"
G7MA_S9_L001_R2_001.fastq.gz	G7MA_S9_L001	H2KCTBGX2.1.ACTTGA	G7MA	G7MA	2017-04-14	DNASU	NextSeq	"T. thermophila Whole Genome DNA"
G7MA_S9_L002_R1_001.fastq.gz	G7MA_S9_L002	H2KCTBGX2.2.ACTTGA	G7MA	G7MA	2017-04-14	DNASU	NextSeq	"T. thermophila Whole Genome DNA"
G7MA_S9_L002_R2_001.fastq.gz	G7MA_S9_L002	H2KCTBGX2.2.ACTTGA	G7MA	G7MA	2017-04-14	DNASU	NextSeq	"T. thermophila Whole Genome DNA"
G7MA_S9_L003_R1_001.fastq.gz	G7MA_S9_L003	H2KCTBGX2.3.ACTTGA	G7MA	G7MA	2017-04-14	DNASU	NextSeq	"T. thermophila Whole Genome DNA"
G7MA_S9_L003_R2_001.fastq.gz	G7MA_S9_L003	H2KCTBGX2.3.ACTTGA	G7MA	G7MA	2017-04-14	DNASU	NextSeq	"T. thermophila Whole Genome DNA"
G7MA_S9_L004_R1_001.fastq.gz	G7MA_S9_L004	H2KCTBGX2.4.ACTTGA	G7MA	G7MA	2017-04-14	DNASU	NextSeq	"T. thermophila Whole Genome DNA"
G7MA_S9_L004_R2_001.fastq.gz	G7MA_S9_L004	H2KCTBGX2.4.ACTTGA	G7MA	G7MA	2017-04-14	DNASU	NextSeq	"T. thermophila Whole Genome DNA"
G9GE1_S27_L001_R1_001.fastq.gz	G9GE1_S27_L001	H2KCTBGX2.1.ATTCCT	G9GE1	G9GE1	2017-04-14	DNASU	NextSeq	"T. thermophila Whole Genome DNA"
G9GE1_S27_L001_R2_001.fastq.gz	G9GE1_S27_L001	H2KCTBGX2.1.ATTCCT	G9GE1	G9GE1	2017-04-14	DNASU	NextSeq	"T. thermophila Whole Genome DNA"
G9GE1_S27_L002_R1_001.fastq.gz	G9GE1_S27_L002	H2KCTBGX2.2.ATTCCT	G9GE1	G9GE1	2017-04-14	DNASU	NextSeq	"T. thermophila Whole Genome DNA"
G9GE1_S27_L002_R2_001.fastq.gz	G9GE1_S27_L002	H2KCTBGX2.2.ATTCCT	G9GE1	G9GE1	2017-04-14	DNASU	NextSeq	"T. thermophila Whole Genome DNA"
G9GE1_S27_L003_R1_001.fastq.gz	G9GE1_S27_L003	H2KCTBGX2.3.ATTCCT	G9GE1	G9GE1	2017-04-14	DNASU	NextSeq	"T. thermophila Whole Genome DNA"
G9GE1_S27_L003_R2_001.fastq.gz	G9GE1_S27_L003	H2KCTBGX2.3.ATTCCT	G9GE1	G9GE1	2017-04-14	DNASU	NextSeq	"T. thermophila Whole Genome DNA"
G9GE1_S27_L004_R1_001.fastq.gz	G9GE1_S27_L004	H2KCTBGX2.4.ATTCCT	G9GE1	G9GE1	2017-04-14	DNASU	NextSeq	"T. thermophila Whole Genome DNA"
G9GE1_S27_L004_R2_001.fastq.gz	G9GE1_S27_L004	H2KCTBGX2.4.ATTCCT	G9GE1	G9GE1	2017-04-14	DNASU	NextSeq	"T. thermophila Whole Genome DNA"
G9GE2_S28_L001_R1_001.fastq.gz	G9GE2_S28_L001	H2KCTBGX2.1.CAAAAG	G9GE2	G9GE2	2017-04-14	DNASU	NextSeq	"T. thermophila Whole Genome DNA"
G9GE2_S28_L001_R2_001.fastq.gz	G9GE2_S28_L001	H2KCTBGX2.1.CAAAAG	G9GE2	G9GE2	2017-04-14	DNASU	NextSeq	"T. thermophila Whole Genome DNA"
G9GE2_S28_L002_R1_001.fastq.gz	G9GE2_S28_L002	H2KCTBGX2.2.CAAAAG	G9GE2	G9GE2	2017-04-14	DNASU	NextSeq	"T. thermophila Whole Genome DNA"
G9GE2_S28_L002_R2_001.fastq.gz	G9GE2_S28_L002	H2KCTBGX2.2.CAAAAG	G9GE2	G9GE2	2017-04-14	DNASU	NextSeq	"T. thermophila Whole Genome DNA"
G9GE2_S28_L003_R1_001.fastq.gz	G9GE2_S28_L003	H2KCTBGX2.3.CAAAAG	G9GE2	G9GE2	2017-04-14	DNASU	NextSeq	"T. thermophila Whole Genome DNA"
G9GE2_S28_L003_R2_001.fastq.gz	G9GE2_S28_L003	H2KCTBGX2.3.CAAAAG	G9GE2	G9GE2	2017-04-14	DNASU	NextSeq	"T. thermophila Whole Genome DNA"
G9GE2_S28_L004_R1_001.fastq.gz	G9GE2_S28_L004	H2KCTBGX2.4.CAAAAG	G9GE2	G9GE2	2017-04-14	DNASU	NextSeq	"T. thermophila Whole Genome DNA"
G9GE2_S28_L004_R2_001.fastq.gz	G9GE2_S28_L004	H2KCTBGX2.4.CAAAAG	G9GE2	G9GE2	2017-04-14	DNASU	NextSeq	"T. thermophila Whole Genome DNA"
G9MA_S10_L001_R1_001.fastq.gz	G9MA_S10_L001	H2KCTBGX2.1.GATCAG	G9MA	G9MA	2017-04-14	DNASU	NextSeq	"T. thermophila Whole Genome DNA"
G9MA_S10_L001_R2_001.fastq.gz	G9MA_S10_L001	H2KCTBGX2.1.GATCAG	G9MA	G9MA	2017-04-14	DNASU	NextSeq	"T. thermophila Whole Genome DNA"
G9MA_S10_L002_R1_001.fastq.gz	G9MA_S10_L002	H2KCTBGX2.2.GATCAG	G9MA	G9MA	2017-04-14	DNASU	NextSeq	"T. thermophila Whole Genome DNA"
G9MA_S10_L002_R2_001.fastq.gz	G9MA_S10_L002	H2KCTBGX2.2.GATCAG	G9MA	G9MA	2017-04-14	DNASU	NextSeq	"T. thermophila Whole Genome DNA"
G9MA_S10_L003_R1_001.fastq.gz	G9MA_S10_L003	H2KCTBGX2.3.GATCAG	G9MA	G9MA	2017-04-14	DNASU	NextSeq	"T. thermophila Whole Genome DNA"
G9MA_S10_L003_R2_001.fastq.gz	G9MA_S10_L003	H2KCTBGX2.3.GATCAG	G9MA	G9MA	2017-04-14	DNASU	NextSeq	"T. thermophila Whole Genome DNA"
G9MA_S10_L004_R1_001.fastq.gz	G9MA_S10_L004	H2KCTBGX2.4.GATCAG	G9MA	G9MA	2017-04-14	DNASU	NextSeq	"T. thermophila Whole Genome DNA"
G9MA_S10_L004_R2_001.fastq.gz	G9MA_S10_L004	H2KCTBGX2.4.GATCAG	G9MA	G9MA	2017-04-14	DNASU	NextSeq	"T. thermophila Whole Genome DNA"
SB210E_1_S1_L001_R1_001.fastq.gz	SB210E_1_S1_L001	H2KCTBGX2.1.CGATGT	SB210E_1	SB210E_1	2017-04-14	DNASU	NextSeq	"T. thermophila Whole Genome DNA"
SB210E_1_S1_L001_R2_001.fastq.gz	SB210E_1_S1_L001	H2KCTBGX2.1.CGATGT	SB210E_1	SB210E_1	2017-04-14	DNASU	NextSeq	"T. thermophila Whole Genome DNA"
SB210E_1_S1_L002_R1_001.fastq.gz	SB210E_1_S1_L002	H2KCTBGX2.2.CGATGT	SB210E_1	SB210E_1	2017-04-14	DNASU	NextSeq	"T. thermophila Whole Genome DNA"
SB210E_1_S1_L002_R2_001.fastq.gz	SB210E_1_S1_L002	H2KCTBGX2.2.CGATGT	SB210E_1	SB210E_1	2017-04-14	DNASU	NextSeq	"T. thermophila Whole Genome DNA"
SB210E_1_S1_L003_R1_001.fastq.gz	SB210E_1_S1_L003	H2KCTBGX2.3.CGATGT	SB210E_1	SB210E_1	2017-04-14	DNASU	NextSeq	"T. thermophila Whole Genome DNA"
SB210E_1_S1_L003_R2_001.fastq.gz	SB210E_1_S1_L003	H2KCTBGX2.3.CGATGT	SB210E_1	SB210E_1	2017-04-14	DNASU	NextSeq	"T. thermophila Whole Genome DNA"
SB210E_1_S1_L004_R1_001.fastq.gz	SB210E_1_S1_L004	H2KCTBGX2.4.CGATGT	SB210E_1	SB210E_1	2017-04-14	DNASU	NextSeq	"T. thermophila Whole Genome DNA"
SB210E_1_S1_L004_R2_001.fastq.gz	SB210E_1_S1_L004	H2KCTBGX2.4.CGATGT	SB210E_1	SB210E_1	2017-04-14	DNASU	NextSeq	"T. thermophila Whole Genome DNA"
SB210E_2_S2_L001_R1_001.fastq.gz	SB210E_2_S2_L001	H2KCTBGX2.1.TGACCA	SB210E_2	SB210E_2	2017-04-14	DNASU	NextSeq	"T. thermophila Whole Genome DNA"
SB210E_2_S2_L001_R2_001.fastq.gz	SB210E_2_S2_L001	H2KCTBGX2.1.TGACCA	SB210E_2	SB210E_2	2017-04-14	DNASU	NextSeq	"T. thermophila Whole Genome DNA"
SB210E_2_S2_L002_R1_001.fastq.gz	SB210E_2_S2_L002	H2KCTBGX2.2.TGACCA	SB210E_2	SB210E_2	2017-04-14	DNASU	NextSeq	"T. thermophila Whole Genome DNA"
SB210E_2_S2_L002_R2_001.fastq.gz	SB210E_2_S2_L002	H2KCTBGX2.2.TGACCA	SB210E_2	SB210E_2	2017-04-14	DNASU	NextSeq	"T. thermophila Whole Genome DNA"
SB210E_2_S2_L003_R1_001.fastq.gz	SB210E_2_S2_L003	H2KCTBGX2.3.TGACCA	SB210E_2	SB210E_2	2017-04-14	DNASU	NextSeq	"T. thermophila Whole Genome DNA"
SB210E_2_S2_L003_R2_001.fastq.gz	SB210E_2_S2_L003	H2KCTBGX2.3.TGACCA	SB210E_2	SB210E_2	2017-04-14	DNASU	NextSeq	"T. thermophila Whole Genome DNA"
SB210E_2_S2_L004_R1_001.fastq.gz	SB210E_2_S2_L004	H2KCTBGX2.4.TGACCA	SB210E_2	SB210E_2	2017-04-14	DNASU	NextSeq	"T. thermophila Whole Genome DNA"
SB210E_2_S2_L004_R2_001.fastq.gz	SB210E_2_S2_L004	H2KCTBGX2.4.TGACCA	SB210E_2	SB210E_2	2017-04-14	DNASU	NextSeq	"T. thermophila Whole Genome DNA"
